mp,fg,fga,fg_pct,fg2,fg2a,fg2_pct,fg3,fg3a,fg3_pct,ft,fta,ft_pct,orb,drb,trb,ast,stl,blk,tov,pf,pts,ts_pct,efg_pct,fg3a_per_fga_pct,fta_per_fga_pct,orb_pct,drb_pct,trb_pct,ast_pct,stl_pct,blk_pct,tov_pct,usg_pct,off_rtg,def_rtg,game_outcome,team,gameid
200.0,22.0,48.0,0.458,20.0,38.0,0.526,2.0,10.0,0.2,23.0,30.0,0.767,6.0,23.0,29.0,4.0,5.0,6.0,8.0,18.0,69.0,0.554,0.479,0.208,0.625,23.1,59.0,44.6,18.2,7.8,14.3,11.4,100.0,107.8,87.5,winner,UNC,0
200.0,17.0,58.0,0.293,13.0,42.0,0.31,4.0,16.0,0.25,18.0,24.0,0.75,16.0,20.0,36.0,3.0,6.0,1.0,10.0,24.0,56.0,0.403,0.328,0.276,0.414,41.0,76.9,55.4,17.6,9.4,2.6,12.6,100.0,87.5,107.8,loser,UNC Wilmington,0
200.0,43.0,67.0,0.642,38.0,55.0,0.691,5.0,12.0,0.417,13.0,16.0,0.813,7.0,30.0,37.0,22.0,15.0,2.0,13.0,26.0,104.0,0.697,0.679,0.179,0.239,29.2,76.9,58.7,51.2,18.3,6.9,14.8,100.0,126.8,76.8,winner,Gonzaga,1
200.0,21.0,59.0,0.356,13.0,29.0,0.448,8.0,30.0,0.267,13.0,22.0,0.591,9.0,17.0,26.0,13.0,7.0,1.0,22.0,19.0,63.0,0.454,0.424,0.508,0.373,23.1,70.8,41.3,61.9,8.5,1.8,24.1,100.0,76.8,126.8,loser,North Florida,1
200.0,32.0,72.0,0.444,21.0,43.0,0.488,11.0,29.0,0.379,8.0,10.0,0.8,17.0,23.0,40.0,16.0,14.0,6.0,8.0,13.0,83.0,0.541,0.521,0.403,0.139,45.9,79.3,60.6,50.0,21.5,33.3,9.4,100.0,127.7,55.4,winner,Houston,2
200.0,10.0,39.0,0.256,5.0,18.0,0.278,5.0,21.0,0.238,11.0,16.0,0.688,6.0,20.0,26.0,5.0,3.0,3.0,21.0,12.0,36.0,0.386,0.321,0.538,0.41,20.7,54.1,39.4,50.0,4.6,7.0,31.1,100.0,55.4,127.7,loser,Northern Colorado,2
200.0,34.0,62.0,0.548,23.0,38.0,0.605,11.0,24.0,0.458,16.0,28.0,0.571,8.0,32.0,40.0,20.0,10.0,5.0,10.0,12.0,95.0,0.631,0.637,0.387,0.452,26.7,74.4,54.8,58.8,12.8,11.9,11.7,100.0,121.8,80.8,winner,Kentucky,3
200.0,23.0,67.0,0.343,16.0,42.0,0.381,7.0,25.0,0.28,10.0,13.0,0.769,11.0,22.0,33.0,10.0,4.0,1.0,16.0,19.0,63.0,0.43,0.396,0.373,0.194,25.6,73.3,45.2,43.5,5.1,2.6,17.9,100.0,80.8,121.8,loser,Howard,3
200.0,37.0,72.0,0.514,23.0,38.0,0.605,14.0,34.0,0.412,29.0,43.0,0.674,21.0,26.0,47.0,27.0,12.0,7.0,9.0,22.0,117.0,0.633,0.611,0.472,0.597,52.5,81.3,65.3,73.0,14.8,19.4,8.9,100.0,144.4,65.4,winner,Baylor,4
200.0,16.0,49.0,0.327,13.0,36.0,0.361,3.0,13.0,0.231,18.0,29.0,0.621,6.0,19.0,25.0,13.0,7.0,1.0,24.0,26.0,53.0,0.422,0.357,0.265,0.592,18.8,47.5,34.7,81.3,8.6,2.6,27.7,100.0,65.4,144.4,loser,Mississippi Valley State,4
200.0,36.0,69.0,0.522,27.0,47.0,0.574,9.0,22.0,0.409,8.0,15.0,0.533,15.0,26.0,41.0,24.0,8.0,5.0,9.0,13.0,89.0,0.585,0.587,0.319,0.217,44.1,78.8,61.2,66.7,11.3,13.9,10.6,100.0,125.4,90.1,winner,Kansas,5
200.0,22.0,57.0,0.386,17.0,36.0,0.472,5.0,21.0,0.238,15.0,19.0,0.789,7.0,19.0,26.0,10.0,4.0,1.0,13.0,9.0,64.0,0.485,0.43,0.368,0.333,21.2,55.9,38.8,45.5,5.6,2.1,16.5,100.0,90.1,125.4,loser,Omaha,5
200.0,27.0,59.0,0.458,17.0,30.0,0.567,10.0,29.0,0.345,7.0,11.0,0.636,15.0,27.0,42.0,19.0,6.0,3.0,12.0,12.0,71.0,0.553,0.542,0.492,0.186,46.9,81.8,64.6,70.4,9.8,10.0,15.7,100.0,116.4,72.1,winner,Duke,6
200.0,18.0,53.0,0.34,15.0,30.0,0.5,3.0,23.0,0.13,5.0,5.0,1.0,6.0,17.0,23.0,12.0,5.0,3.0,11.0,18.0,44.0,0.397,0.368,0.434,0.094,18.2,53.1,35.4,66.7,8.2,10.0,16.6,100.0,72.1,116.4,loser,Jacksonville,6
200.0,34.0,64.0,0.531,28.0,54.0,0.519,6.0,10.0,0.6,2.0,5.0,0.4,8.0,23.0,31.0,12.0,12.0,6.0,9.0,14.0,76.0,0.573,0.578,0.156,0.078,26.7,65.7,47.7,35.3,17.4,16.2,11.9,100.0,110.1,72.5,winner,UCLA,7
200.0,19.0,55.0,0.345,17.0,37.0,0.459,2.0,18.0,0.111,10.0,17.0,0.588,12.0,22.0,34.0,7.0,2.0,1.0,19.0,12.0,50.0,0.396,0.364,0.327,0.309,34.3,73.3,52.3,36.8,2.9,1.9,23.1,100.0,72.5,110.1,loser,Sacramento State,7
200.0,26.0,66.0,0.394,18.0,32.0,0.563,8.0,34.0,0.235,12.0,14.0,0.857,12.0,25.0,37.0,11.0,5.0,6.0,4.0,10.0,72.0,0.496,0.455,0.515,0.212,33.3,83.3,56.1,42.3,7.6,16.7,5.2,100.0,109.1,90.9,winner,Creighton,8
200.0,24.0,58.0,0.414,15.0,36.0,0.417,9.0,22.0,0.409,3.0,4.0,0.75,5.0,24.0,29.0,10.0,4.0,2.0,12.0,15.0,60.0,0.501,0.491,0.379,0.069,16.7,66.7,43.9,41.7,6.1,6.3,16.7,100.0,90.9,109.1,loser,St. Thomas,8
200.0,28.0,57.0,0.491,24.0,47.0,0.511,4.0,10.0,0.4,16.0,23.0,0.696,4.0,31.0,35.0,10.0,11.0,4.0,11.0,19.0,76.0,0.559,0.526,0.175,0.404,13.8,81.6,52.2,35.7,14.9,11.4,13.9,100.0,102.7,78.4,winner,Arkansas,9
200.0,19.0,56.0,0.339,14.0,35.0,0.4,5.0,21.0,0.238,15.0,23.0,0.652,7.0,25.0,32.0,7.0,5.0,2.0,14.0,16.0,58.0,0.433,0.384,0.375,0.411,18.4,86.2,47.8,36.8,6.8,4.3,17.3,100.0,78.4,102.7,loser,North Dakota State,9
200.0,26.0,65.0,0.4,12.0,21.0,0.571,14.0,44.0,0.318,9.0,9.0,1.0,15.0,20.0,35.0,21.0,17.0,4.0,15.0,11.0,75.0,0.541,0.508,0.677,0.138,41.7,90.9,60.3,80.8,24.6,17.4,17.8,100.0,108.7,62.3,winner,Tennessee,10
200.0,13.0,40.0,0.325,8.0,23.0,0.348,5.0,17.0,0.294,12.0,19.0,0.632,2.0,21.0,23.0,5.0,8.0,0.0,21.0,10.0,43.0,0.439,0.388,0.425,0.475,9.1,58.3,39.7,38.5,11.6,0.0,30.0,100.0,62.3,108.7,loser,Tennessee Tech,10
200.0,23.0,42.0,0.548,19.0,28.0,0.679,4.0,14.0,0.286,22.0,29.0,0.759,5.0,20.0,25.0,14.0,6.0,3.0,15.0,15.0,72.0,0.645,0.595,0.333,0.69,20.8,66.7,46.3,60.9,9.2,8.1,21.2,100.0,110.8,87.7,winner,Texas,11
200.0,21.0,52.0,0.404,16.0,37.0,0.432,5.0,15.0,0.333,10.0,15.0,0.667,10.0,19.0,29.0,8.0,5.0,3.0,16.0,25.0,57.0,0.482,0.452,0.288,0.288,33.3,79.2,53.7,38.1,7.7,10.7,21.3,100.0,87.7,110.8,loser,UTEP,11
200.0,36.0,59.0,0.61,32.0,48.0,0.667,4.0,11.0,0.364,12.0,21.0,0.571,5.0,25.0,30.0,16.0,9.0,4.0,10.0,12.0,88.0,0.638,0.644,0.186,0.356,20.8,80.6,54.5,44.4,12.5,16.7,12.7,100.0,122.2,73.6,winner,Indiana,12
200.0,20.0,54.0,0.37,11.0,24.0,0.458,9.0,30.0,0.3,4.0,5.0,0.8,6.0,19.0,25.0,8.0,4.0,1.0,20.0,18.0,53.0,0.47,0.454,0.556,0.093,19.4,79.2,45.5,40.0,5.6,2.1,26.2,100.0,73.6,122.2,loser,Morehead State,12
200.0,21.0,54.0,0.389,17.0,33.0,0.515,4.0,21.0,0.19,27.0,38.0,0.711,10.0,25.0,35.0,13.0,8.0,3.0,12.0,11.0,73.0,0.507,0.426,0.389,0.704,26.3,80.6,50.7,61.9,10.8,8.8,14.3,100.0,98.6,97.3,winner,TCU,13
200.0,26.0,63.0,0.413,13.0,34.0,0.382,13.0,29.0,0.448,7.0,10.0,0.7,6.0,28.0,34.0,22.0,7.0,6.0,13.0,22.0,72.0,0.531,0.516,0.46,0.159,19.4,73.7,49.3,84.6,9.5,18.2,16.1,100.0,97.3,98.6,loser,Arkansas-Pine Bluff,13
200.0,24.0,71.0,0.338,20.0,46.0,0.435,4.0,25.0,0.16,18.0,29.0,0.621,19.0,23.0,42.0,12.0,14.0,10.0,9.0,16.0,70.0,0.413,0.366,0.352,0.408,44.2,76.7,57.5,50.0,19.2,27.8,9.6,100.0,95.9,71.2,winner,Auburn,14
200.0,21.0,56.0,0.375,14.0,36.0,0.389,7.0,20.0,0.35,3.0,8.0,0.375,7.0,24.0,31.0,9.0,3.0,4.0,19.0,23.0,52.0,0.435,0.438,0.357,0.143,23.3,55.8,42.5,42.9,4.1,8.7,24.1,100.0,71.2,95.9,loser,George Mason,14
200.0,29.0,52.0,0.558,16.0,32.0,0.5,13.0,20.0,0.65,10.0,11.0,0.909,5.0,25.0,30.0,13.0,4.0,4.0,9.0,18.0,81.0,0.708,0.683,0.385,0.212,21.7,73.5,52.6,44.8,6.5,13.3,13.6,100.0,130.6,109.7,winner,Villanova,15
200.0,22.0,55.0,0.4,12.0,30.0,0.4,10.0,25.0,0.4,14.0,20.0,0.7,9.0,18.0,27.0,11.0,6.0,0.0,8.0,15.0,68.0,0.527,0.491,0.455,0.364,26.5,78.3,47.4,50.0,9.7,0.0,11.0,100.0,109.7,130.6,loser,La Salle,15
200.0,38.0,53.0,0.717,27.0,35.0,0.771,11.0,18.0,0.611,30.0,40.0,0.75,7.0,36.0,43.0,30.0,7.0,5.0,24.0,22.0,117.0,0.813,0.821,0.34,0.755,33.3,81.8,66.2,78.9,7.8,9.3,25.0,100.0,130.0,83.3,winner,Arizona,16
200.0,29.0,72.0,0.403,22.0,54.0,0.407,7.0,18.0,0.389,10.0,22.0,0.455,8.0,14.0,22.0,11.0,17.0,1.0,16.0,29.0,75.0,0.455,0.451,0.25,0.306,18.2,66.7,33.8,37.9,18.9,2.9,16.3,100.0,83.3,130.0,loser,Nicholls State,16
200.0,20.0,47.0,0.426,9.0,22.0,0.409,11.0,25.0,0.44,22.0,30.0,0.733,8.0,27.0,35.0,16.0,4.0,4.0,7.0,12.0,73.0,0.596,0.543,0.532,0.638,33.3,79.4,60.3,80.0,6.7,11.8,10.3,100.0,121.7,101.7,winner,Virginia,17
200.0,22.0,53.0,0.415,14.0,34.0,0.412,8.0,19.0,0.421,9.0,14.0,0.643,7.0,16.0,23.0,8.0,6.0,4.0,8.0,25.0,61.0,0.511,0.491,0.358,0.264,20.6,66.7,39.7,36.4,10.0,18.2,11.8,100.0,101.7,121.7,loser,North Carolina Central,17
200.0,28.0,52.0,0.538,20.0,34.0,0.588,8.0,18.0,0.444,16.0,23.0,0.696,4.0,21.0,25.0,18.0,12.0,1.0,12.0,16.0,80.0,0.636,0.615,0.346,0.442,16.0,80.8,49.0,64.3,16.7,3.4,16.0,100.0,111.1,79.2,winner,San Diego State,18
200.0,20.0,51.0,0.392,16.0,29.0,0.552,4.0,22.0,0.182,13.0,17.0,0.765,5.0,21.0,26.0,6.0,6.0,3.0,18.0,20.0,57.0,0.482,0.431,0.431,0.333,19.2,84.0,51.0,30.0,8.3,8.8,23.4,100.0,79.2,111.1,loser,Cal State Fullerton,18
200.0,27.0,69.0,0.391,24.0,41.0,0.585,3.0,28.0,0.107,18.0,26.0,0.692,19.0,43.0,62.0,10.0,6.0,9.0,19.0,18.0,75.0,0.461,0.413,0.406,0.377,45.2,78.2,63.9,37.0,7.6,15.5,18.9,100.0,94.9,68.4,winner,Alabama,19
200.0,19.0,71.0,0.268,14.0,58.0,0.241,5.0,13.0,0.385,11.0,19.0,0.579,12.0,23.0,35.0,8.0,8.0,3.0,9.0,22.0,54.0,0.337,0.303,0.183,0.268,21.8,54.8,36.1,42.1,10.1,7.3,10.1,100.0,68.4,94.9,loser,Longwood,19
200.0,29.0,63.0,0.46,23.0,38.0,0.605,6.0,25.0,0.24,16.0,28.0,0.571,17.0,24.0,41.0,15.0,13.0,5.0,10.0,12.0,80.0,0.524,0.508,0.397,0.444,47.2,85.7,64.1,51.7,19.1,16.7,11.6,100.0,117.6,66.2,winner,Oregon,20
200.0,18.0,48.0,0.375,15.0,30.0,0.5,3.0,18.0,0.167,6.0,8.0,0.75,4.0,19.0,23.0,5.0,5.0,0.0,18.0,22.0,45.0,0.434,0.406,0.375,0.167,14.3,52.8,35.9,27.8,7.4,0.0,25.8,100.0,66.2,117.6,loser,Florida A&M,20
200.0,30.0,64.0,0.469,21.0,35.0,0.6,9.0,29.0,0.31,6.0,9.0,0.667,4.0,32.0,36.0,17.0,7.0,8.0,8.0,12.0,75.0,0.549,0.539,0.453,0.141,12.9,74.4,48.6,56.7,9.3,24.2,10.5,100.0,100.0,74.7,winner,Michigan,21
200.0,21.0,71.0,0.296,12.0,33.0,0.364,9.0,38.0,0.237,5.0,7.0,0.714,11.0,27.0,38.0,11.0,2.0,2.0,14.0,14.0,56.0,0.377,0.359,0.535,0.099,25.6,87.1,51.4,52.4,2.7,5.7,15.9,100.0,74.7,100.0,loser,Purdue-Fort Wayne,21
200.0,30.0,64.0,0.469,21.0,38.0,0.553,9.0,26.0,0.346,18.0,33.0,0.545,20.0,33.0,53.0,16.0,10.0,9.0,15.0,16.0,87.0,0.546,0.539,0.406,0.516,50.0,82.5,66.3,53.3,13.0,20.0,15.8,100.0,113.0,74.0,winner,Illinois,22
200.0,21.0,60.0,0.35,18.0,45.0,0.4,3.0,15.0,0.2,12.0,20.0,0.6,7.0,20.0,27.0,9.0,12.0,2.0,16.0,25.0,57.0,0.41,0.375,0.25,0.333,17.5,50.0,33.8,42.9,15.6,5.3,18.7,100.0,74.0,113.0,loser,Eastern Illinois,22
200.0,24.0,51.0,0.471,19.0,32.0,0.594,5.0,19.0,0.263,20.0,30.0,0.667,7.0,33.0,40.0,19.0,4.0,6.0,9.0,16.0,73.0,0.559,0.52,0.373,0.588,24.1,91.7,61.5,79.2,6.0,17.1,12.1,100.0,109.0,68.7,winner,Dayton,23
200.0,18.0,55.0,0.327,14.0,35.0,0.4,4.0,20.0,0.2,6.0,14.0,0.429,3.0,22.0,25.0,7.0,4.0,1.0,8.0,22.0,46.0,0.373,0.364,0.364,0.255,8.3,75.9,38.5,38.9,6.0,3.1,11.5,100.0,68.7,109.0,loser,Lindenwood,23
200.0,24.0,46.0,0.522,17.0,28.0,0.607,7.0,18.0,0.389,18.0,22.0,0.818,10.0,31.0,41.0,19.0,5.0,5.0,19.0,11.0,73.0,0.647,0.598,0.391,0.478,40.0,72.1,60.3,79.2,7.7,16.1,25.2,100.0,112.3,75.4,winner,Texas Tech,24
200.0,19.0,67.0,0.284,9.0,31.0,0.29,10.0,36.0,0.278,1.0,1.0,1.0,12.0,15.0,27.0,11.0,14.0,2.0,10.0,19.0,49.0,0.363,0.358,0.537,0.015,27.9,60.0,39.7,57.9,21.5,7.1,12.9,100.0,75.4,112.3,loser,Northwestern State,24
200.0,32.0,62.0,0.516,27.0,44.0,0.614,5.0,18.0,0.278,10.0,15.0,0.667,18.0,26.0,44.0,13.0,7.0,3.0,15.0,14.0,79.0,0.571,0.556,0.29,0.242,60.0,65.0,62.9,40.6,10.6,7.1,17.8,100.0,119.7,78.8,winner,Middle Tennessee,25
200.0,20.0,59.0,0.339,17.0,42.0,0.405,3.0,17.0,0.176,9.0,12.0,0.75,14.0,12.0,26.0,8.0,9.0,1.0,15.0,17.0,52.0,0.402,0.364,0.288,0.203,35.0,40.0,37.1,40.0,13.6,2.3,18.8,100.0,78.8,119.7,loser,Brescia,25
200.0,36.0,73.0,0.493,34.0,56.0,0.607,2.0,17.0,0.118,20.0,26.0,0.769,13.0,26.0,39.0,8.0,13.0,4.0,10.0,22.0,94.0,0.551,0.507,0.233,0.356,37.1,92.9,61.9,22.2,15.5,8.5,10.5,100.0,111.9,94.0,winner,Prairie View,26
200.0,29.0,55.0,0.527,26.0,47.0,0.553,3.0,8.0,0.375,18.0,27.0,0.667,2.0,22.0,24.0,3.0,6.0,5.0,19.0,16.0,79.0,0.582,0.555,0.145,0.491,7.1,62.9,38.1,10.3,7.1,8.9,21.9,100.0,94.0,111.9,loser,Kansas Christian,26
200.0,29.0,48.0,0.604,21.0,26.0,0.808,8.0,22.0,0.364,22.0,34.0,0.647,4.0,28.0,32.0,18.0,5.0,3.0,16.0,15.0,88.0,0.686,0.688,0.458,0.708,16.7,75.7,52.5,62.1,6.6,8.1,20.0,100.0,115.8,102.6,winner,Stanford,27
200.0,28.0,67.0,0.418,17.0,37.0,0.459,11.0,30.0,0.367,11.0,14.0,0.786,9.0,20.0,29.0,11.0,7.0,2.0,12.0,24.0,78.0,0.53,0.5,0.448,0.209,24.3,83.3,47.5,39.3,9.2,7.7,14.0,100.0,102.6,115.8,loser,Pacific,27
200.0,46.0,75.0,0.613,32.0,53.0,0.604,14.0,22.0,0.636,17.0,19.0,0.895,11.0,35.0,46.0,24.0,16.0,5.0,8.0,10.0,123.0,0.732,0.707,0.293,0.253,44.0,83.3,68.7,52.2,20.3,17.2,8.7,100.0,155.7,48.1,winner,James Madison,28
200.0,14.0,57.0,0.246,6.0,29.0,0.207,8.0,28.0,0.286,2.0,6.0,0.333,7.0,14.0,21.0,5.0,6.0,5.0,24.0,16.0,38.0,0.317,0.316,0.491,0.105,16.7,56.0,31.3,35.7,7.6,9.4,28.6,100.0,48.1,155.7,loser,Valley Forge,28
200.0,35.0,80.0,0.438,26.0,49.0,0.531,9.0,31.0,0.29,14.0,21.0,0.667,19.0,34.0,53.0,22.0,8.0,6.0,8.0,13.0,93.0,0.517,0.494,0.388,0.263,42.2,82.9,61.6,62.9,9.9,15.8,8.2,100.0,114.8,74.1,winner,UNC Greensboro,29
200.0,21.0,66.0,0.318,14.0,38.0,0.368,7.0,28.0,0.25,11.0,16.0,0.688,7.0,26.0,33.0,9.0,6.0,2.0,16.0,18.0,60.0,0.408,0.371,0.424,0.242,17.1,57.8,38.4,42.9,7.4,4.1,17.9,100.0,74.1,114.8,loser,Johnson & Wales (NC),29
200.0,33.0,57.0,0.579,23.0,31.0,0.742,10.0,26.0,0.385,16.0,24.0,0.667,10.0,25.0,35.0,18.0,17.0,1.0,10.0,13.0,92.0,0.673,0.667,0.456,0.421,35.7,71.4,55.6,54.5,24.6,4.3,12.8,100.0,133.3,39.1,winner,Oakland,30
200.0,8.0,44.0,0.182,5.0,23.0,0.217,3.0,21.0,0.143,8.0,13.0,0.615,10.0,18.0,28.0,3.0,5.0,1.0,29.0,21.0,27.0,0.269,0.216,0.477,0.295,28.6,64.3,44.4,37.5,7.2,3.2,36.6,100.0,39.1,133.3,loser,Defiance,30
198.0,44.0,79.0,0.557,29.0,43.0,0.674,15.0,36.0,0.417,39.0,43.0,0.907,12.0,38.0,50.0,30.0,16.0,11.0,17.0,11.0,142.0,0.714,0.652,0.456,0.544,35.3,74.5,58.8,68.2,15.4,26.2,14.6,100.0,136.5,71.2,winner,Appalachian State,31
200.0,28.0,85.0,0.329,14.0,42.0,0.333,14.0,43.0,0.326,4.0,8.0,0.5,13.0,22.0,35.0,13.0,13.0,1.0,28.0,33.0,74.0,0.417,0.412,0.506,0.094,25.5,64.7,41.2,46.4,12.5,2.3,24.0,100.0,71.2,136.5,loser,Warren Wilson,31
200.0,36.0,64.0,0.563,32.0,40.0,0.8,4.0,24.0,0.167,13.0,21.0,0.619,8.0,23.0,31.0,17.0,13.0,4.0,15.0,11.0,89.0,0.602,0.594,0.375,0.328,29.6,79.3,55.4,47.2,16.3,11.4,16.9,100.0,111.3,66.3,winner,Butler,32
200.0,21.0,51.0,0.412,15.0,35.0,0.429,6.0,16.0,0.375,5.0,8.0,0.625,6.0,19.0,25.0,12.0,7.0,2.0,30.0,19.0,53.0,0.484,0.471,0.314,0.157,20.7,70.4,44.6,57.1,8.8,5.0,35.4,100.0,66.3,111.3,loser,New Orleans,32
200.0,28.0,56.0,0.5,18.0,27.0,0.667,10.0,29.0,0.345,16.0,22.0,0.727,8.0,30.0,38.0,14.0,9.0,3.0,11.0,17.0,82.0,0.617,0.589,0.518,0.393,24.2,90.9,57.6,50.0,12.9,9.4,14.2,100.0,117.1,84.3,winner,Charlotte,33
200.0,22.0,54.0,0.407,19.0,32.0,0.594,3.0,22.0,0.136,12.0,17.0,0.706,3.0,25.0,28.0,6.0,7.0,0.0,12.0,20.0,59.0,0.475,0.435,0.407,0.315,9.1,75.8,42.4,27.3,10.0,0.0,16.2,100.0,84.3,117.1,loser,Coppin State,33
200.0,25.0,58.0,0.431,17.0,31.0,0.548,8.0,27.0,0.296,14.0,18.0,0.778,12.0,25.0,37.0,11.0,10.0,4.0,13.0,16.0,72.0,0.541,0.5,0.466,0.31,35.3,67.6,52.1,44.0,14.5,11.1,16.3,100.0,104.3,95.7,winner,DePaul,34
200.0,24.0,60.0,0.4,14.0,36.0,0.389,10.0,24.0,0.417,8.0,17.0,0.471,12.0,22.0,34.0,10.0,6.0,1.0,14.0,19.0,66.0,0.485,0.483,0.4,0.283,32.4,64.7,47.9,41.7,8.7,3.2,17.1,100.0,95.7,104.3,loser,Loyola (MD),34
200.0,44.0,85.0,0.518,32.0,54.0,0.593,12.0,31.0,0.387,8.0,13.0,0.615,22.0,39.0,61.0,16.0,14.0,3.0,9.0,9.0,108.0,0.592,0.588,0.365,0.153,55.0,84.8,70.9,36.4,17.7,7.0,9.0,100.0,136.7,54.4,winner,UMass-Lowell,35
200.0,18.0,66.0,0.273,13.0,43.0,0.302,5.0,23.0,0.217,2.0,3.0,0.667,7.0,18.0,25.0,8.0,6.0,5.0,19.0,12.0,43.0,0.319,0.311,0.348,0.045,15.2,45.0,29.1,44.4,7.6,9.3,22.0,100.0,54.4,136.7,loser,Fisher College,35
200.0,38.0,62.0,0.613,30.0,45.0,0.667,8.0,17.0,0.471,18.0,22.0,0.818,11.0,30.0,41.0,26.0,13.0,9.0,9.0,13.0,102.0,0.704,0.677,0.274,0.355,47.8,83.3,69.5,68.4,18.8,25.7,11.0,100.0,147.8,66.7,winner,Milwaukee,36
200.0,20.0,55.0,0.364,14.0,35.0,0.4,6.0,20.0,0.3,0.0,2.0,0.0,6.0,12.0,18.0,14.0,3.0,0.0,18.0,19.0,46.0,0.411,0.418,0.364,0.036,16.7,52.2,30.5,70.0,4.3,0.0,24.3,100.0,66.7,147.8,loser,Milwaukee Engineering,36
200.0,37.0,65.0,0.569,27.0,39.0,0.692,10.0,26.0,0.385,13.0,15.0,0.867,14.0,32.0,46.0,22.0,14.0,4.0,29.0,21.0,97.0,0.672,0.646,0.4,0.231,48.3,78.0,65.7,59.5,16.1,11.1,28.7,100.0,111.5,82.8,winner,St. John's (NY),37
200.0,25.0,65.0,0.385,19.0,36.0,0.528,6.0,29.0,0.207,16.0,22.0,0.727,9.0,15.0,24.0,16.0,14.0,1.0,20.0,15.0,72.0,0.477,0.431,0.446,0.338,22.0,51.7,34.3,64.0,16.1,2.6,21.0,100.0,82.8,111.5,loser,Merrimack,37
225.0,30.0,69.0,0.435,19.0,38.0,0.5,11.0,31.0,0.355,10.0,12.0,0.833,8.0,23.0,31.0,16.0,5.0,5.0,9.0,17.0,81.0,0.542,0.514,0.449,0.174,22.2,82.1,48.4,53.3,6.7,11.4,10.8,100.0,108.0,106.7,winner,Akron,38
225.0,31.0,59.0,0.525,27.0,44.0,0.614,4.0,15.0,0.267,14.0,17.0,0.824,5.0,28.0,33.0,11.0,3.0,4.0,12.0,15.0,80.0,0.596,0.559,0.254,0.288,17.9,77.8,51.6,35.5,4.0,10.5,15.2,100.0,106.7,108.0,loser,South Dakota State,38
200.0,34.0,64.0,0.531,25.0,43.0,0.581,9.0,21.0,0.429,34.0,45.0,0.756,9.0,38.0,47.0,13.0,7.0,7.0,11.0,18.0,111.0,0.65,0.602,0.328,0.703,30.0,76.0,58.8,38.2,8.1,13.5,11.4,100.0,129.1,81.4,winner,UAB,39
200.0,24.0,76.0,0.316,15.0,52.0,0.288,9.0,24.0,0.375,13.0,16.0,0.813,12.0,21.0,33.0,12.0,5.0,8.0,14.0,31.0,70.0,0.419,0.375,0.316,0.211,24.0,70.0,41.3,50.0,5.8,18.6,14.3,100.0,81.4,129.1,loser,Alabama State,39
200.0,21.0,62.0,0.339,15.0,38.0,0.395,6.0,24.0,0.25,14.0,29.0,0.483,14.0,31.0,45.0,10.0,8.0,11.0,21.0,27.0,62.0,0.409,0.387,0.387,0.468,33.3,86.1,57.7,47.6,9.8,26.8,21.7,100.0,75.6,72.0,winner,Arizona State,40
200.0,19.0,55.0,0.345,17.0,41.0,0.415,2.0,14.0,0.143,19.0,32.0,0.594,5.0,28.0,33.0,10.0,12.0,4.0,17.0,27.0,59.0,0.42,0.364,0.255,0.582,13.9,66.7,42.3,52.6,14.6,10.5,19.5,100.0,72.0,75.6,loser,Tarleton State,40
200.0,45.0,80.0,0.563,31.0,41.0,0.756,14.0,39.0,0.359,6.0,16.0,0.375,21.0,30.0,51.0,26.0,7.0,3.0,10.0,17.0,110.0,0.628,0.65,0.488,0.2,56.8,83.3,69.9,57.8,9.2,7.7,10.2,100.0,144.7,85.5,winner,Army,41
200.0,24.0,63.0,0.381,16.0,39.0,0.41,8.0,24.0,0.333,9.0,13.0,0.692,6.0,16.0,22.0,9.0,7.0,0.0,13.0,12.0,65.0,0.47,0.444,0.381,0.206,16.7,43.2,30.1,37.5,9.2,0.0,15.8,100.0,85.5,144.7,loser,Keystone,41
200.0,41.0,67.0,0.612,37.0,50.0,0.74,4.0,17.0,0.235,23.0,32.0,0.719,12.0,36.0,48.0,23.0,14.0,10.0,9.0,12.0,109.0,0.663,0.642,0.254,0.478,42.9,83.7,67.6,56.1,17.3,21.7,9.9,100.0,134.6,48.1,winner,Ball State,42
200.0,16.0,65.0,0.246,12.0,46.0,0.261,4.0,19.0,0.211,3.0,6.0,0.5,7.0,16.0,23.0,4.0,2.0,0.0,22.0,22.0,39.0,0.287,0.277,0.292,0.092,16.3,57.1,32.4,25.0,2.5,0.0,24.5,100.0,48.1,134.6,loser,Earlham,42
200.0,28.0,57.0,0.491,21.0,32.0,0.656,7.0,25.0,0.28,7.0,13.0,0.538,5.0,21.0,26.0,17.0,8.0,6.0,12.0,13.0,70.0,0.554,0.553,0.439,0.228,18.5,75.0,47.3,60.7,11.3,15.0,16.0,100.0,98.6,97.2,winner,Belmont,43
200.0,26.0,60.0,0.433,17.0,40.0,0.425,9.0,20.0,0.45,8.0,9.0,0.889,7.0,22.0,29.0,8.0,5.0,0.0,14.0,16.0,69.0,0.537,0.508,0.333,0.15,25.0,81.5,52.7,30.8,7.0,0.0,17.9,100.0,97.2,98.6,loser,Ohio,43
200.0,28.0,57.0,0.491,22.0,38.0,0.579,6.0,19.0,0.316,25.0,33.0,0.758,6.0,35.0,41.0,16.0,12.0,3.0,12.0,18.0,87.0,0.599,0.544,0.333,0.579,19.4,81.4,55.4,57.1,15.4,7.9,14.2,100.0,111.5,71.8,winner,Binghamton,44
200.0,18.0,61.0,0.295,11.0,38.0,0.289,7.0,23.0,0.304,13.0,17.0,0.765,8.0,25.0,33.0,5.0,8.0,0.0,17.0,21.0,56.0,0.405,0.352,0.377,0.279,18.6,80.6,44.6,27.8,10.3,0.0,19.8,100.0,71.8,111.5,loser,Cazenovia,44
200.0,24.0,62.0,0.387,16.0,39.0,0.41,8.0,23.0,0.348,16.0,25.0,0.64,10.0,24.0,34.0,13.0,8.0,4.0,10.0,19.0,72.0,0.487,0.452,0.371,0.403,25.6,80.0,49.3,54.2,11.0,15.4,11.9,100.0,98.6,86.3,winner,Boston University,45
200.0,18.0,49.0,0.367,11.0,26.0,0.423,7.0,23.0,0.304,20.0,26.0,0.769,6.0,29.0,35.0,9.0,8.0,5.0,16.0,19.0,63.0,0.513,0.439,0.469,0.531,20.0,74.4,50.7,50.0,11.0,12.8,20.7,100.0,86.3,98.6,loser,Northeastern,45
200.0,22.0,56.0,0.393,16.0,36.0,0.444,6.0,20.0,0.3,12.0,19.0,0.632,6.0,29.0,35.0,9.0,8.0,2.0,13.0,14.0,62.0,0.477,0.446,0.357,0.339,19.4,93.5,56.5,40.9,11.6,9.5,16.7,100.0,89.9,84.1,winner,Bowling Green State,46
200.0,22.0,55.0,0.4,10.0,21.0,0.476,12.0,34.0,0.353,2.0,4.0,0.5,2.0,25.0,27.0,11.0,5.0,6.0,11.0,17.0,58.0,0.51,0.509,0.618,0.073,6.5,80.6,43.5,50.0,7.2,16.7,16.2,100.0,84.1,89.9,loser,Air Force,46
200.0,55.0,86.0,0.64,36.0,50.0,0.72,19.0,36.0,0.528,18.0,25.0,0.72,18.0,38.0,56.0,32.0,24.0,5.0,11.0,14.0,147.0,0.751,0.75,0.419,0.291,56.3,92.7,76.7,58.2,26.4,16.1,10.1,100.0,161.5,42.9,winner,Bryant,47
200.0,15.0,61.0,0.246,9.0,31.0,0.29,6.0,30.0,0.2,3.0,5.0,0.6,3.0,14.0,17.0,12.0,5.0,0.0,31.0,20.0,39.0,0.308,0.295,0.492,0.082,7.3,43.8,23.3,80.0,5.5,0.0,32.8,100.0,42.9,161.5,loser,Thomas (ME),47
200.0,42.0,70.0,0.6,21.0,31.0,0.677,21.0,39.0,0.538,8.0,12.0,0.667,11.0,36.0,47.0,25.0,8.0,8.0,10.0,14.0,113.0,0.746,0.75,0.557,0.171,42.3,85.7,69.1,59.5,10.4,21.1,11.7,100.0,146.8,67.5,winner,Bucknell,48
200.0,19.0,66.0,0.288,14.0,38.0,0.368,5.0,28.0,0.179,9.0,13.0,0.692,6.0,15.0,21.0,11.0,5.0,0.0,13.0,14.0,52.0,0.36,0.326,0.424,0.197,14.3,57.7,30.9,57.9,6.5,0.0,15.3,100.0,67.5,146.8,loser,Lebanon Valley,48
200.0,35.0,65.0,0.538,29.0,44.0,0.659,6.0,21.0,0.286,12.0,20.0,0.6,3.0,21.0,24.0,16.0,13.0,4.0,14.0,22.0,88.0,0.591,0.585,0.323,0.308,8.8,87.5,41.4,45.7,15.1,9.5,15.8,100.0,102.3,101.2,winner,Buffalo,49
200.0,30.0,56.0,0.536,25.0,42.0,0.595,5.0,14.0,0.357,22.0,31.0,0.71,3.0,31.0,34.0,18.0,7.0,2.0,19.0,17.0,87.0,0.615,0.58,0.25,0.554,12.5,91.2,58.6,60.0,8.1,4.5,21.2,100.0,101.2,102.3,loser,Colgate,49
200.0,38.0,67.0,0.567,31.0,53.0,0.585,7.0,14.0,0.5,9.0,15.0,0.6,12.0,33.0,45.0,14.0,5.0,5.0,20.0,18.0,92.0,0.621,0.619,0.209,0.224,40.0,80.5,63.4,36.8,6.2,13.9,21.2,100.0,113.6,100.0,winner,Youngstown State,50
200.0,28.0,69.0,0.406,17.0,36.0,0.472,11.0,33.0,0.333,14.0,17.0,0.824,8.0,18.0,26.0,13.0,7.0,4.0,10.0,14.0,81.0,0.525,0.486,0.478,0.246,19.5,60.0,36.6,46.4,8.6,7.5,11.5,100.0,100.0,113.6,loser,Canisius,50
200.0,30.0,79.0,0.38,22.0,45.0,0.489,8.0,34.0,0.235,15.0,20.0,0.75,15.0,36.0,51.0,19.0,9.0,5.0,7.0,15.0,83.0,0.469,0.43,0.43,0.253,30.0,90.0,56.7,63.3,11.3,12.5,7.3,100.0,103.8,65.0,winner,Charleston Southern,51
200.0,19.0,62.0,0.306,12.0,40.0,0.3,7.0,22.0,0.318,7.0,9.0,0.778,4.0,35.0,39.0,7.0,4.0,1.0,18.0,21.0,52.0,0.392,0.363,0.355,0.145,10.0,70.0,43.3,36.8,5.0,2.2,21.4,100.0,65.0,103.8,loser,Toccoa Falls,51
200.0,37.0,64.0,0.578,27.0,40.0,0.675,10.0,24.0,0.417,14.0,22.0,0.636,10.0,28.0,38.0,24.0,12.0,5.0,9.0,5.0,98.0,0.658,0.656,0.375,0.344,34.5,90.3,63.3,64.9,16.2,15.2,10.8,100.0,132.4,74.3,winner,Cincinnati,52
200.0,21.0,54.0,0.389,14.0,33.0,0.424,7.0,21.0,0.333,6.0,8.0,0.75,3.0,19.0,22.0,10.0,4.0,2.0,19.0,16.0,55.0,0.476,0.454,0.389,0.148,9.7,65.5,36.7,47.6,5.4,5.0,24.7,100.0,74.3,132.4,loser,Chaminade,52
200.0,30.0,65.0,0.462,23.0,43.0,0.535,7.0,22.0,0.318,13.0,18.0,0.722,13.0,27.0,40.0,19.0,8.0,1.0,8.0,15.0,80.0,0.544,0.515,0.338,0.277,36.1,84.4,58.8,63.3,11.6,3.2,9.8,100.0,115.9,100.0,winner,Clemson,53
200.0,24.0,56.0,0.429,13.0,31.0,0.419,11.0,25.0,0.44,10.0,12.0,0.833,5.0,23.0,28.0,11.0,1.0,3.0,12.0,18.0,69.0,0.559,0.527,0.446,0.214,15.6,63.9,41.2,45.8,1.4,7.0,16.3,100.0,100.0,115.9,loser,The Citadel,53
200.0,24.0,55.0,0.436,17.0,35.0,0.486,7.0,20.0,0.35,17.0,24.0,0.708,8.0,25.0,33.0,10.0,4.0,3.0,18.0,20.0,72.0,0.542,0.5,0.364,0.436,25.0,73.5,50.0,41.7,5.3,6.8,21.3,100.0,96.0,90.7,winner,Notre Dame (OH),54
200.0,28.0,61.0,0.459,24.0,44.0,0.545,4.0,17.0,0.235,8.0,18.0,0.444,9.0,24.0,33.0,16.0,10.0,1.0,13.0,23.0,68.0,0.489,0.492,0.279,0.295,26.5,75.0,50.0,57.1,13.3,2.9,15.7,100.0,90.7,96.0,loser,Cleveland State,54
200.0,37.0,56.0,0.661,27.0,35.0,0.771,10.0,21.0,0.476,13.0,17.0,0.765,4.0,38.0,42.0,19.0,9.0,6.0,17.0,9.0,97.0,0.757,0.75,0.375,0.304,21.1,73.1,59.2,51.4,11.7,11.3,21.0,100.0,126.0,55.8,winner,Coastal Carolina,55
200.0,18.0,75.0,0.24,16.0,53.0,0.302,2.0,22.0,0.091,5.0,8.0,0.625,14.0,15.0,29.0,5.0,12.0,3.0,12.0,13.0,43.0,0.273,0.253,0.293,0.107,26.9,78.9,40.8,27.8,15.6,8.6,13.2,100.0,55.8,126.0,loser,St. Mary's (MD),55
200.0,28.0,62.0,0.452,19.0,33.0,0.576,9.0,29.0,0.31,20.0,27.0,0.741,13.0,19.0,32.0,10.0,10.0,3.0,15.0,22.0,85.0,0.568,0.524,0.468,0.435,37.1,63.3,49.2,35.7,13.0,9.1,16.7,100.0,110.4,101.3,winner,College of Charleston,56
200.0,29.0,59.0,0.492,20.0,33.0,0.606,9.0,26.0,0.346,11.0,17.0,0.647,11.0,22.0,33.0,17.0,7.0,3.0,21.0,27.0,78.0,0.581,0.568,0.441,0.288,36.7,62.9,50.8,58.6,9.1,9.1,23.8,100.0,101.3,110.4,loser,Chattanooga,56
200.0,29.0,63.0,0.46,24.0,39.0,0.615,5.0,24.0,0.208,22.0,31.0,0.71,15.0,25.0,40.0,16.0,11.0,8.0,15.0,20.0,85.0,0.547,0.5,0.381,0.492,48.4,86.2,66.7,55.2,14.5,28.6,16.2,100.0,111.8,71.1,winner,UConn,57
200.0,16.0,45.0,0.356,11.0,28.0,0.393,5.0,17.0,0.294,17.0,22.0,0.773,4.0,16.0,20.0,9.0,10.0,2.0,23.0,21.0,54.0,0.487,0.411,0.378,0.489,13.8,51.6,33.3,56.3,13.2,5.1,29.3,100.0,71.1,111.8,loser,Stonehill,57
200.0,23.0,51.0,0.451,8.0,17.0,0.471,15.0,34.0,0.441,26.0,37.0,0.703,5.0,32.0,37.0,15.0,9.0,1.0,12.0,19.0,87.0,0.634,0.598,0.667,0.725,16.7,68.1,48.1,65.2,11.8,2.2,14.9,100.0,114.5,84.2,winner,Davidson,58
200.0,25.0,71.0,0.352,19.0,45.0,0.422,6.0,26.0,0.231,8.0,14.0,0.571,15.0,25.0,40.0,9.0,5.0,2.0,14.0,28.0,64.0,0.412,0.394,0.366,0.197,31.9,83.3,51.9,36.0,6.6,11.8,15.3,100.0,84.2,114.5,loser,Guilford,58
200.0,29.0,61.0,0.475,21.0,37.0,0.568,8.0,24.0,0.333,12.0,22.0,0.545,9.0,31.0,40.0,11.0,9.0,12.0,16.0,15.0,78.0,0.546,0.541,0.393,0.361,25.7,83.8,55.6,37.9,11.4,27.9,18.3,100.0,98.7,68.4,winner,Delaware,59
200.0,21.0,62.0,0.339,15.0,43.0,0.349,6.0,19.0,0.316,6.0,11.0,0.545,6.0,26.0,32.0,9.0,10.0,4.0,18.0,18.0,54.0,0.402,0.387,0.306,0.177,16.2,74.3,44.4,42.9,12.7,10.8,21.1,100.0,68.4,98.7,loser,Wilmington (DE),59
200.0,24.0,48.0,0.5,21.0,40.0,0.525,3.0,8.0,0.375,17.0,33.0,0.515,7.0,28.0,35.0,13.0,6.0,6.0,14.0,18.0,68.0,0.534,0.531,0.167,0.688,25.9,77.8,55.6,54.2,8.5,19.4,18.0,100.0,95.8,88.7,winner,Denver,60
200.0,25.0,61.0,0.41,19.0,31.0,0.613,6.0,30.0,0.2,7.0,11.0,0.636,8.0,20.0,28.0,10.0,9.0,1.0,14.0,26.0,63.0,0.476,0.459,0.492,0.18,22.2,74.1,44.4,40.0,12.7,2.5,17.5,100.0,88.7,95.8,loser,Idaho,60
200.0,35.0,77.0,0.455,26.0,54.0,0.481,9.0,23.0,0.391,9.0,15.0,0.6,23.0,17.0,40.0,15.0,7.0,1.0,13.0,18.0,88.0,0.523,0.513,0.299,0.195,51.1,63.0,55.6,42.9,9.7,3.1,13.4,100.0,122.2,91.7,winner,ETSU,61
200.0,24.0,50.0,0.48,19.0,32.0,0.594,5.0,18.0,0.278,13.0,20.0,0.65,10.0,22.0,32.0,8.0,7.0,6.0,21.0,15.0,66.0,0.555,0.53,0.36,0.4,37.0,48.9,44.4,33.3,9.7,11.1,26.1,100.0,91.7,122.2,loser,Emory & Henry,61
200.0,50.0,85.0,0.588,31.0,45.0,0.689,19.0,40.0,0.475,18.0,24.0,0.75,19.0,30.0,49.0,34.0,24.0,4.0,18.0,21.0,137.0,0.711,0.7,0.471,0.282,57.6,73.2,66.2,68.0,25.8,10.0,15.7,100.0,147.3,55.9,winner,Eastern Kentucky,62
200.0,15.0,59.0,0.254,14.0,40.0,0.35,1.0,19.0,0.053,21.0,22.0,0.955,11.0,14.0,25.0,3.0,7.0,1.0,33.0,16.0,52.0,0.374,0.263,0.322,0.373,26.8,42.4,33.8,20.0,7.5,2.2,32.2,100.0,55.9,147.3,loser,Miami Middletown,62
200.0,30.0,67.0,0.448,23.0,49.0,0.469,7.0,18.0,0.389,8.0,9.0,0.889,7.0,22.0,29.0,13.0,10.0,1.0,9.0,17.0,75.0,0.526,0.5,0.269,0.134,20.6,78.6,46.8,43.3,13.5,3.6,11.2,100.0,101.4,89.2,winner,Eastern Michigan,63
200.0,23.0,51.0,0.451,15.0,28.0,0.536,8.0,23.0,0.348,12.0,19.0,0.632,6.0,27.0,33.0,6.0,5.0,2.0,21.0,16.0,66.0,0.55,0.529,0.451,0.373,21.4,79.4,53.2,26.1,6.8,4.1,25.9,100.0,89.2,101.4,loser,Wayne State (MI),63
200.0,28.0,65.0,0.431,20.0,41.0,0.488,8.0,24.0,0.333,16.0,21.0,0.762,15.0,32.0,47.0,17.0,9.0,4.0,18.0,16.0,80.0,0.534,0.492,0.369,0.323,40.5,78.0,60.3,60.7,11.8,10.0,19.4,100.0,105.3,72.4,winner,Elon,64
200.0,22.0,61.0,0.361,19.0,40.0,0.475,3.0,21.0,0.143,8.0,12.0,0.667,9.0,22.0,31.0,7.0,11.0,2.0,17.0,20.0,55.0,0.412,0.385,0.344,0.197,22.0,59.5,39.7,31.8,14.5,4.9,20.3,100.0,72.4,105.3,loser,Erskine,64
200.0,32.0,63.0,0.508,22.0,33.0,0.667,10.0,30.0,0.333,7.0,12.0,0.583,14.0,35.0,49.0,21.0,14.0,1.0,16.0,18.0,81.0,0.59,0.587,0.476,0.19,45.2,81.4,66.2,65.6,20.0,3.1,18.9,100.0,115.7,65.7,winner,Florida Atlantic,65
200.0,15.0,52.0,0.288,12.0,32.0,0.375,3.0,20.0,0.15,13.0,21.0,0.619,8.0,17.0,25.0,3.0,10.0,1.0,16.0,15.0,46.0,0.371,0.317,0.385,0.404,18.6,54.8,33.8,20.0,14.3,3.0,20.5,100.0,65.7,115.7,loser,Lynn,65
200.0,33.0,66.0,0.5,30.0,50.0,0.6,3.0,16.0,0.188,8.0,12.0,0.667,10.0,22.0,32.0,12.0,12.0,8.0,13.0,8.0,77.0,0.537,0.523,0.242,0.182,31.3,61.1,47.1,36.4,16.0,19.5,15.3,100.0,102.7,88.0,winner,Florida International,66
200.0,25.0,64.0,0.391,13.0,41.0,0.317,12.0,23.0,0.522,4.0,5.0,0.8,14.0,22.0,36.0,13.0,5.0,1.0,22.0,11.0,66.0,0.497,0.484,0.359,0.078,38.9,68.8,52.9,52.0,6.7,2.0,24.9,100.0,88.0,102.7,loser,Houston Christian,66
200.0,29.0,61.0,0.475,15.0,26.0,0.577,14.0,35.0,0.4,11.0,16.0,0.688,12.0,23.0,35.0,20.0,4.0,2.0,8.0,21.0,83.0,0.605,0.59,0.574,0.262,37.5,62.2,50.7,69.0,6.1,4.4,10.4,100.0,125.8,112.1,winner,Stetson,67
200.0,27.0,59.0,0.458,21.0,45.0,0.467,6.0,14.0,0.429,14.0,27.0,0.519,14.0,20.0,34.0,14.0,2.0,2.0,9.0,16.0,74.0,0.515,0.508,0.237,0.458,37.8,62.5,49.3,51.9,3.0,7.7,11.1,100.0,112.1,125.8,loser,Florida State,67
200.0,35.0,61.0,0.574,27.0,41.0,0.659,8.0,20.0,0.4,10.0,14.0,0.714,5.0,26.0,31.0,9.0,6.0,7.0,10.0,18.0,88.0,0.65,0.639,0.328,0.23,21.7,81.3,56.4,25.7,8.2,20.0,12.9,100.0,120.5,101.4,winner,Fordham,68
200.0,25.0,59.0,0.424,14.0,35.0,0.4,11.0,24.0,0.458,13.0,17.0,0.765,6.0,18.0,24.0,15.0,2.0,2.0,12.0,15.0,74.0,0.552,0.517,0.407,0.288,18.8,78.3,43.6,60.0,2.7,4.9,15.2,100.0,101.4,120.5,loser,Dartmouth,68
200.0,36.0,67.0,0.537,31.0,42.0,0.738,5.0,25.0,0.2,14.0,18.0,0.778,6.0,33.0,39.0,20.0,15.0,4.0,13.0,13.0,91.0,0.602,0.575,0.373,0.269,19.4,80.5,54.2,55.6,18.1,8.0,14.7,100.0,109.6,66.3,winner,Furman,69
200.0,22.0,65.0,0.338,18.0,50.0,0.36,4.0,15.0,0.267,7.0,11.0,0.636,8.0,25.0,33.0,11.0,8.0,3.0,21.0,15.0,55.0,0.392,0.369,0.231,0.169,19.5,80.6,45.8,50.0,9.6,7.1,23.0,100.0,66.3,109.6,loser,North Greenville,69
200.0,30.0,61.0,0.492,20.0,31.0,0.645,10.0,30.0,0.333,15.0,27.0,0.556,14.0,32.0,46.0,16.0,6.0,7.0,15.0,24.0,85.0,0.576,0.574,0.492,0.443,35.9,69.6,54.1,53.3,8.1,15.6,16.9,100.0,114.9,78.4,winner,George Washington,70
200.0,18.0,59.0,0.305,13.0,45.0,0.289,5.0,14.0,0.357,17.0,30.0,0.567,14.0,25.0,39.0,10.0,9.0,1.0,13.0,22.0,58.0,0.396,0.347,0.237,0.508,30.4,64.1,45.9,55.6,12.2,3.2,15.1,100.0,78.4,114.9,loser,Virginia State,70
200.0,27.0,55.0,0.491,24.0,45.0,0.533,3.0,10.0,0.3,11.0,15.0,0.733,9.0,27.0,36.0,13.0,9.0,6.0,20.0,17.0,68.0,0.547,0.518,0.182,0.273,33.3,87.1,62.1,48.1,12.3,15.4,24.4,100.0,93.2,75.3,winner,Georgia,71
200.0,20.0,57.0,0.351,14.0,39.0,0.359,6.0,18.0,0.333,9.0,11.0,0.818,4.0,18.0,22.0,14.0,12.0,2.0,14.0,16.0,55.0,0.442,0.404,0.316,0.193,12.9,66.7,37.9,70.0,16.4,4.4,18.4,100.0,75.3,93.2,loser,Western Carolina,71
200.0,35.0,73.0,0.479,28.0,53.0,0.528,7.0,20.0,0.35,16.0,24.0,0.667,17.0,29.0,46.0,17.0,8.0,6.0,11.0,15.0,93.0,0.551,0.527,0.274,0.329,54.8,67.4,62.2,48.6,10.5,12.5,11.5,100.0,122.4,82.9,winner,Georgia Tech,72
200.0,26.0,70.0,0.371,22.0,48.0,0.458,4.0,22.0,0.182,7.0,11.0,0.636,14.0,14.0,28.0,13.0,6.0,2.0,12.0,18.0,63.0,0.419,0.4,0.314,0.157,32.6,45.2,37.8,50.0,7.9,3.8,13.8,100.0,82.9,122.4,loser,Clayton State,72
200.0,28.0,54.0,0.519,21.0,37.0,0.568,7.0,17.0,0.412,12.0,21.0,0.571,6.0,29.0,35.0,13.0,4.0,2.0,15.0,19.0,75.0,0.586,0.583,0.315,0.389,20.0,78.4,52.2,46.4,5.4,4.1,19.0,100.0,101.4,91.9,winner,Siena,73
200.0,28.0,59.0,0.475,26.0,49.0,0.531,2.0,10.0,0.2,10.0,23.0,0.435,8.0,24.0,32.0,7.0,9.0,3.0,14.0,19.0,68.0,0.486,0.492,0.169,0.39,21.6,80.0,47.8,25.0,12.2,8.1,16.7,100.0,91.9,101.4,loser,Holy Cross,73
200.0,31.0,57.0,0.544,17.0,28.0,0.607,14.0,29.0,0.483,4.0,8.0,0.5,2.0,32.0,34.0,21.0,8.0,2.0,15.0,13.0,80.0,0.658,0.667,0.509,0.14,8.3,97.0,59.6,67.7,11.0,5.9,19.8,100.0,109.6,72.6,winner,Indiana State,74
200.0,20.0,52.0,0.385,15.0,34.0,0.441,5.0,18.0,0.278,8.0,12.0,0.667,1.0,22.0,23.0,6.0,5.0,5.0,16.0,10.0,53.0,0.459,0.433,0.346,0.231,3.0,91.7,40.4,30.0,6.8,17.9,21.7,100.0,72.6,109.6,loser,Green Bay,74
200.0,31.0,76.0,0.408,23.0,51.0,0.451,8.0,25.0,0.32,8.0,11.0,0.727,11.0,28.0,39.0,21.0,9.0,6.0,4.0,13.0,78.0,0.48,0.461,0.329,0.145,27.5,75.7,50.6,67.7,12.5,20.0,4.7,100.0,108.3,69.4,winner,Iona,75
200.0,18.0,55.0,0.327,15.0,30.0,0.5,3.0,25.0,0.12,11.0,17.0,0.647,9.0,29.0,38.0,14.0,3.0,8.0,15.0,13.0,50.0,0.396,0.355,0.455,0.309,24.3,72.5,49.4,77.8,4.2,15.7,19.2,100.0,69.4,108.3,loser,Penn,75
200.0,34.0,67.0,0.507,23.0,34.0,0.676,11.0,33.0,0.333,10.0,14.0,0.714,9.0,32.0,41.0,25.0,10.0,5.0,11.0,12.0,89.0,0.604,0.59,0.493,0.209,28.1,80.0,56.9,73.5,13.2,10.0,13.0,100.0,117.1,76.3,winner,Iowa,76
200.0,23.0,66.0,0.348,18.0,50.0,0.36,5.0,16.0,0.313,7.0,7.0,1.0,8.0,23.0,31.0,11.0,6.0,2.0,16.0,16.0,58.0,0.418,0.386,0.242,0.106,20.0,71.9,43.1,47.8,7.9,5.9,18.8,100.0,76.3,117.1,loser,Bethune-Cookman,76
200.0,36.0,61.0,0.59,26.0,35.0,0.743,10.0,26.0,0.385,17.0,23.0,0.739,8.0,27.0,35.0,14.0,14.0,3.0,15.0,19.0,99.0,0.688,0.672,0.426,0.377,33.3,69.2,55.6,38.9,17.5,6.7,17.3,100.0,123.8,70.0,winner,Kennesaw State,77
200.0,21.0,62.0,0.339,17.0,45.0,0.378,4.0,17.0,0.235,10.0,22.0,0.455,12.0,16.0,28.0,6.0,8.0,2.0,21.0,19.0,56.0,0.386,0.371,0.274,0.355,30.8,66.7,44.4,28.6,10.0,5.7,22.5,100.0,70.0,123.8,loser,LaGrange,77
200.0,36.0,67.0,0.537,24.0,34.0,0.706,12.0,33.0,0.364,20.0,24.0,0.833,8.0,31.0,39.0,27.0,10.0,4.0,10.0,12.0,104.0,0.663,0.627,0.493,0.358,29.6,88.6,62.9,75.0,12.5,13.8,11.3,100.0,130.0,47.5,winner,Liberty,78
200.0,10.0,51.0,0.196,4.0,29.0,0.138,6.0,22.0,0.273,12.0,15.0,0.8,4.0,19.0,23.0,7.0,7.0,3.0,25.0,23.0,38.0,0.327,0.255,0.431,0.294,11.4,70.4,37.1,70.0,8.8,8.8,30.1,100.0,47.5,130.0,loser,Regent,78
200.0,25.0,51.0,0.49,16.0,31.0,0.516,9.0,20.0,0.45,12.0,14.0,0.857,11.0,19.0,30.0,12.0,9.0,8.0,10.0,14.0,71.0,0.616,0.578,0.392,0.275,45.8,61.3,54.5,48.0,15.8,16.3,14.8,100.0,124.6,86.0,winner,Maryland,79
200.0,22.0,55.0,0.4,22.0,49.0,0.449,0.0,6.0,0.0,5.0,8.0,0.625,12.0,13.0,25.0,13.0,3.0,3.0,11.0,12.0,49.0,0.417,0.4,0.109,0.145,38.7,54.2,45.5,59.1,5.3,9.7,15.8,100.0,86.0,124.6,loser,Niagara,79
200.0,38.0,71.0,0.535,29.0,52.0,0.558,9.0,19.0,0.474,9.0,12.0,0.75,14.0,31.0,45.0,24.0,8.0,5.0,13.0,8.0,94.0,0.613,0.599,0.268,0.169,43.8,83.8,65.2,63.2,10.5,13.5,14.5,100.0,123.7,88.2,winner,UMass,80
200.0,27.0,66.0,0.409,18.0,37.0,0.486,9.0,29.0,0.31,4.0,6.0,0.667,6.0,18.0,24.0,15.0,8.0,4.0,13.0,10.0,67.0,0.487,0.477,0.439,0.091,16.2,56.3,34.8,55.6,10.5,7.7,15.9,100.0,88.2,123.7,loser,Central Connecticut,80
200.0,21.0,58.0,0.362,11.0,24.0,0.458,10.0,34.0,0.294,15.0,25.0,0.6,17.0,26.0,43.0,13.0,9.0,1.0,9.0,17.0,67.0,0.479,0.448,0.586,0.431,41.5,76.5,57.3,61.9,14.1,5.6,11.4,100.0,104.7,84.4,winner,Miami (FL),81
199.0,19.0,52.0,0.365,9.0,18.0,0.5,10.0,34.0,0.294,6.0,16.0,0.375,8.0,24.0,32.0,14.0,4.0,2.0,14.0,21.0,54.0,0.453,0.462,0.654,0.308,23.5,58.5,42.7,73.7,6.3,8.3,19.0,100.0,84.4,104.7,loser,Lafayette,81
200.0,29.0,65.0,0.446,20.0,38.0,0.526,9.0,27.0,0.333,6.0,8.0,0.75,10.0,32.0,42.0,17.0,6.0,6.0,9.0,16.0,73.0,0.531,0.515,0.415,0.123,28.6,82.1,56.8,58.6,8.7,20.0,11.6,100.0,105.8,79.7,winner,Michigan State,82
200.0,19.0,60.0,0.317,11.0,30.0,0.367,8.0,30.0,0.267,9.0,13.0,0.692,7.0,25.0,32.0,13.0,5.0,2.0,11.0,13.0,55.0,0.416,0.383,0.5,0.217,17.9,71.4,43.2,68.4,7.2,5.3,14.3,100.0,79.7,105.8,loser,Northern Arizona,82
200.0,25.0,59.0,0.424,19.0,34.0,0.559,6.0,25.0,0.24,7.0,13.0,0.538,12.0,29.0,41.0,16.0,13.0,7.0,16.0,7.0,63.0,0.483,0.475,0.424,0.22,35.3,80.6,58.6,64.0,18.8,19.4,19.7,100.0,91.3,63.8,winner,Mississippi State,83
200.0,18.0,56.0,0.321,12.0,36.0,0.333,6.0,20.0,0.3,2.0,2.0,1.0,7.0,22.0,29.0,9.0,8.0,3.0,19.0,13.0,44.0,0.386,0.375,0.357,0.036,19.4,64.7,41.4,50.0,11.6,8.8,25.0,100.0,63.8,91.3,loser,Texas A&M-Corpus Christi,83
200.0,30.0,61.0,0.492,17.0,33.0,0.515,13.0,28.0,0.464,6.0,11.0,0.545,13.0,29.0,42.0,16.0,6.0,0.0,11.0,12.0,79.0,0.596,0.598,0.459,0.18,41.9,87.9,65.6,53.3,9.2,0.0,14.2,100.0,121.5,72.3,winner,New Hampshire,84
200.0,17.0,50.0,0.34,14.0,31.0,0.452,3.0,19.0,0.158,10.0,15.0,0.667,4.0,18.0,22.0,7.0,4.0,1.0,13.0,17.0,47.0,0.411,0.37,0.38,0.3,12.1,58.1,34.4,41.2,6.2,3.0,18.5,100.0,72.3,121.5,loser,Brandeis,84
200.0,43.0,83.0,0.518,30.0,50.0,0.6,13.0,33.0,0.394,10.0,21.0,0.476,21.0,34.0,55.0,24.0,7.0,2.0,11.0,24.0,109.0,0.586,0.596,0.398,0.253,52.5,81.0,67.1,55.8,8.5,7.1,10.6,100.0,132.9,72.0,winner,Norfolk State,85
200.0,16.0,52.0,0.308,9.0,28.0,0.321,7.0,24.0,0.292,20.0,32.0,0.625,8.0,19.0,27.0,7.0,5.0,1.0,22.0,18.0,59.0,0.439,0.375,0.462,0.615,19.0,47.5,32.9,43.8,6.1,2.0,24.7,100.0,72.0,132.9,loser,Virginia-Lynchburg,85
200.0,36.0,71.0,0.507,19.0,37.0,0.514,17.0,34.0,0.5,11.0,19.0,0.579,12.0,24.0,36.0,20.0,11.0,2.0,11.0,24.0,100.0,0.625,0.627,0.479,0.268,36.4,70.6,53.7,55.6,14.1,4.7,12.1,100.0,128.2,78.2,winner,North Carolina A&T,86
200.0,22.0,56.0,0.393,18.0,43.0,0.419,4.0,13.0,0.308,13.0,23.0,0.565,10.0,21.0,31.0,4.0,3.0,4.0,20.0,10.0,61.0,0.456,0.429,0.232,0.411,29.4,63.6,46.3,18.2,3.8,10.8,23.0,100.0,78.2,128.2,loser,Edward Waters,86
200.0,30.0,55.0,0.545,17.0,31.0,0.548,13.0,24.0,0.542,6.0,16.0,0.375,8.0,24.0,32.0,19.0,7.0,4.0,11.0,22.0,79.0,0.631,0.664,0.436,0.291,29.6,58.5,47.1,63.3,10.8,12.1,14.9,100.0,121.5,87.7,winner,Kent State,87
200.0,18.0,60.0,0.3,13.0,33.0,0.394,5.0,27.0,0.185,16.0,22.0,0.727,17.0,19.0,36.0,8.0,7.0,3.0,11.0,16.0,57.0,0.405,0.342,0.45,0.367,41.5,70.4,52.9,44.4,10.8,9.7,13.5,100.0,87.7,121.5,loser,Northern Kentucky,87
200.0,34.0,61.0,0.557,24.0,40.0,0.6,10.0,21.0,0.476,13.0,21.0,0.619,13.0,31.0,44.0,18.0,6.0,5.0,13.0,14.0,91.0,0.641,0.639,0.344,0.344,48.1,75.6,64.7,52.9,8.5,12.8,15.5,100.0,128.2,74.6,winner,Ohio State,88
200.0,20.0,63.0,0.317,16.0,39.0,0.41,4.0,24.0,0.167,9.0,17.0,0.529,10.0,14.0,24.0,6.0,5.0,1.0,10.0,16.0,53.0,0.373,0.349,0.381,0.27,24.4,51.9,35.3,30.0,7.0,2.5,12.3,100.0,74.6,128.2,loser,Robert Morris,88
200.0,29.0,58.0,0.5,24.0,41.0,0.585,5.0,17.0,0.294,21.0,27.0,0.778,14.0,27.0,41.0,18.0,5.0,4.0,10.0,15.0,84.0,0.593,0.543,0.293,0.466,48.3,81.8,66.1,62.1,7.6,13.3,12.4,100.0,127.3,98.5,winner,Old Dominion,89
200.0,21.0,53.0,0.396,11.0,30.0,0.367,10.0,23.0,0.435,13.0,18.0,0.722,6.0,15.0,21.0,16.0,6.0,0.0,9.0,21.0,65.0,0.528,0.491,0.434,0.34,18.2,51.7,33.9,76.2,9.1,0.0,12.8,100.0,98.5,127.3,loser,Maryland-Eastern Shore,89
200.0,33.0,60.0,0.55,15.0,22.0,0.682,18.0,38.0,0.474,9.0,13.0,0.692,6.0,24.0,30.0,24.0,8.0,5.0,11.0,15.0,93.0,0.703,0.7,0.633,0.217,23.1,88.9,56.6,72.7,11.4,20.8,14.3,100.0,132.9,97.1,winner,Penn State,90
200.0,22.0,49.0,0.449,11.0,24.0,0.458,11.0,25.0,0.44,13.0,14.0,0.929,3.0,20.0,23.0,12.0,7.0,3.0,16.0,12.0,68.0,0.611,0.561,0.51,0.286,11.1,76.9,43.4,54.5,10.0,13.6,22.3,100.0,97.1,132.9,loser,Winthrop,90
200.0,26.0,71.0,0.366,15.0,30.0,0.5,11.0,41.0,0.268,17.0,23.0,0.739,17.0,32.0,49.0,21.0,6.0,10.0,15.0,21.0,80.0,0.488,0.444,0.577,0.324,38.6,76.2,57.0,80.8,7.5,23.3,15.5,100.0,100.0,72.5,winner,Pitt,91
200.0,20.0,62.0,0.323,17.0,43.0,0.395,3.0,19.0,0.158,15.0,24.0,0.625,10.0,27.0,37.0,7.0,8.0,2.0,17.0,27.0,58.0,0.395,0.347,0.306,0.387,23.8,61.4,43.0,35.0,10.0,6.7,18.8,100.0,72.5,100.0,loser,UT-Martin,91
200.0,28.0,66.0,0.424,24.0,44.0,0.545,4.0,22.0,0.182,16.0,23.0,0.696,16.0,28.0,44.0,16.0,7.0,3.0,10.0,19.0,76.0,0.494,0.455,0.333,0.348,42.1,82.4,61.1,57.1,9.9,11.5,11.5,100.0,107.0,59.2,winner,Presbyterian,92
200.0,16.0,47.0,0.34,11.0,26.0,0.423,5.0,21.0,0.238,5.0,16.0,0.313,6.0,22.0,28.0,8.0,3.0,3.0,22.0,19.0,42.0,0.385,0.394,0.447,0.34,17.6,57.9,38.9,50.0,4.2,6.8,28.7,100.0,59.2,107.0,loser,Carolina,92
200.0,36.0,66.0,0.545,29.0,49.0,0.592,7.0,17.0,0.412,4.0,6.0,0.667,5.0,25.0,30.0,12.0,5.0,3.0,8.0,20.0,83.0,0.603,0.598,0.258,0.091,16.7,75.8,47.6,33.3,7.0,7.7,10.4,100.0,116.9,108.5,winner,Hofstra,93
200.0,29.0,59.0,0.492,24.0,39.0,0.615,5.0,20.0,0.25,14.0,20.0,0.7,8.0,25.0,33.0,13.0,3.0,4.0,10.0,12.0,77.0,0.562,0.534,0.339,0.339,24.2,83.3,52.4,44.8,4.2,8.2,12.7,100.0,108.5,116.9,loser,Princeton,93
200.0,32.0,68.0,0.471,21.0,42.0,0.5,11.0,26.0,0.423,8.0,12.0,0.667,14.0,30.0,44.0,17.0,7.0,1.0,16.0,10.0,83.0,0.563,0.551,0.382,0.176,42.4,68.2,57.1,53.1,9.3,2.1,17.8,100.0,110.7,109.3,winner,Queens (NC),94
200.0,34.0,78.0,0.436,23.0,47.0,0.489,11.0,31.0,0.355,3.0,4.0,0.75,14.0,19.0,33.0,21.0,14.0,6.0,8.0,13.0,82.0,0.513,0.506,0.397,0.051,31.8,57.6,42.9,61.8,18.7,14.3,9.1,100.0,109.3,110.7,loser,Marshall,94
200.0,26.0,62.0,0.419,20.0,42.0,0.476,6.0,20.0,0.3,9.0,25.0,0.36,15.0,25.0,40.0,8.0,11.0,5.0,15.0,22.0,67.0,0.453,0.468,0.323,0.403,37.5,62.5,50.0,30.8,14.5,11.6,16.9,100.0,88.2,81.6,winner,Quinnipiac,95
200.0,22.0,60.0,0.367,20.0,43.0,0.465,2.0,17.0,0.118,16.0,29.0,0.552,15.0,25.0,40.0,12.0,10.0,5.0,19.0,21.0,62.0,0.42,0.383,0.283,0.483,37.5,62.5,50.0,54.5,13.2,11.9,20.5,100.0,81.6,88.2,loser,Rhode Island,95
200.0,23.0,51.0,0.451,16.0,23.0,0.696,7.0,28.0,0.25,16.0,29.0,0.552,9.0,34.0,43.0,13.0,5.0,5.0,10.0,16.0,69.0,0.533,0.52,0.549,0.569,29.0,69.4,53.8,56.5,7.6,16.1,13.4,100.0,104.5,72.7,winner,Richmond,96
200.0,16.0,64.0,0.25,9.0,31.0,0.29,7.0,33.0,0.212,9.0,14.0,0.643,15.0,22.0,37.0,6.0,2.0,1.0,11.0,25.0,48.0,0.34,0.305,0.516,0.219,30.6,71.0,46.3,37.5,3.0,4.3,13.5,100.0,72.7,104.5,loser,VMI,96
200.0,31.0,72.0,0.431,23.0,52.0,0.442,8.0,20.0,0.4,5.0,14.0,0.357,13.0,26.0,39.0,20.0,14.0,4.0,11.0,15.0,75.0,0.477,0.486,0.278,0.194,33.3,78.8,54.2,64.5,18.7,15.4,12.3,100.0,100.0,46.7,winner,Rutgers,97
200.0,11.0,47.0,0.234,10.0,26.0,0.385,1.0,21.0,0.048,12.0,22.0,0.545,7.0,26.0,33.0,3.0,5.0,3.0,23.0,14.0,35.0,0.305,0.245,0.447,0.468,21.2,66.7,45.8,27.3,6.7,5.8,28.6,100.0,46.7,100.0,loser,Columbia,97
200.0,26.0,59.0,0.441,20.0,37.0,0.541,6.0,22.0,0.273,15.0,19.0,0.789,10.0,24.0,34.0,13.0,6.0,4.0,9.0,30.0,73.0,0.537,0.492,0.373,0.322,30.3,75.0,52.3,50.0,8.7,12.5,11.7,100.0,105.8,85.5,winner,St. Peter's,98
200.0,19.0,54.0,0.352,15.0,32.0,0.469,4.0,22.0,0.182,17.0,27.0,0.63,8.0,23.0,31.0,8.0,4.0,2.0,12.0,20.0,59.0,0.441,0.389,0.407,0.5,25.0,69.7,47.7,42.1,5.8,5.4,15.2,100.0,85.5,105.8,loser,NJIT,98
200.0,31.0,57.0,0.544,22.0,40.0,0.55,9.0,17.0,0.529,19.0,28.0,0.679,12.0,33.0,45.0,17.0,6.0,2.0,12.0,17.0,90.0,0.64,0.623,0.298,0.491,42.9,86.8,68.2,54.8,8.6,8.3,14.6,100.0,128.6,60.0,winner,USC Upstate,99
200.0,15.0,52.0,0.288,10.0,24.0,0.417,5.0,28.0,0.179,7.0,17.0,0.412,5.0,16.0,21.0,10.0,6.0,1.0,14.0,24.0,42.0,0.35,0.337,0.538,0.327,13.2,57.1,31.8,66.7,8.6,2.5,18.9,100.0,60.0,128.6,loser,Brevard,99
199.0,27.0,59.0,0.458,23.0,40.0,0.575,4.0,19.0,0.211,13.0,20.0,0.65,10.0,23.0,33.0,13.0,5.0,2.0,6.0,19.0,71.0,0.518,0.492,0.322,0.339,31.3,76.7,53.2,48.1,7.7,6.1,8.1,100.0,109.2,89.2,winner,St. Bonaventure,100
200.0,20.0,52.0,0.385,16.0,33.0,0.485,4.0,19.0,0.211,14.0,21.0,0.667,7.0,22.0,29.0,12.0,1.0,0.0,11.0,19.0,58.0,0.468,0.423,0.365,0.404,23.3,68.8,46.8,60.0,1.5,0.0,15.1,100.0,89.2,109.2,loser,Saint Francis (PA),100
200.0,37.0,73.0,0.507,26.0,39.0,0.667,11.0,34.0,0.324,9.0,13.0,0.692,14.0,26.0,40.0,27.0,14.0,8.0,11.0,17.0,94.0,0.594,0.582,0.466,0.178,43.8,76.5,60.6,73.0,18.4,20.0,12.2,100.0,123.7,73.7,winner,St. Francis (NY),101
200.0,18.0,53.0,0.34,14.0,40.0,0.35,4.0,13.0,0.308,16.0,20.0,0.8,8.0,18.0,26.0,8.0,5.0,2.0,22.0,12.0,56.0,0.448,0.377,0.245,0.377,23.5,56.3,39.4,44.4,6.6,5.1,26.0,100.0,73.7,123.7,loser,Mt. St. Mary (NY),101
225.0,27.0,64.0,0.422,20.0,39.0,0.513,7.0,25.0,0.28,15.0,22.0,0.682,10.0,25.0,35.0,10.0,6.0,2.0,8.0,20.0,76.0,0.51,0.477,0.391,0.344,28.6,80.6,53.0,37.0,8.1,5.9,9.7,100.0,102.7,98.6,winner,Wagner,102
224.0,21.0,54.0,0.389,16.0,34.0,0.471,5.0,20.0,0.25,26.0,30.0,0.867,6.0,25.0,31.0,10.0,3.0,8.0,13.0,20.0,73.0,0.535,0.435,0.37,0.556,19.4,71.4,47.0,47.6,4.1,20.5,16.0,100.0,98.6,102.7,loser,Temple,102
200.0,32.0,70.0,0.457,24.0,50.0,0.48,8.0,20.0,0.4,13.0,16.0,0.813,11.0,24.0,35.0,16.0,14.0,4.0,8.0,13.0,85.0,0.548,0.514,0.286,0.229,32.4,82.8,55.6,50.0,18.7,8.5,9.3,100.0,113.3,93.3,winner,Toledo,103
200.0,30.0,61.0,0.492,24.0,47.0,0.511,6.0,14.0,0.429,4.0,6.0,0.667,5.0,23.0,28.0,16.0,5.0,1.0,17.0,17.0,70.0,0.548,0.541,0.23,0.098,17.2,67.6,44.4,53.3,6.7,2.0,21.0,100.0,93.3,113.3,loser,Valparaiso,103
200.0,23.0,53.0,0.434,20.0,41.0,0.488,3.0,12.0,0.25,18.0,21.0,0.857,7.0,21.0,28.0,13.0,6.0,3.0,13.0,16.0,67.0,0.532,0.462,0.226,0.396,23.3,67.7,45.9,56.5,8.8,13.6,17.1,100.0,98.5,91.2,winner,Towson,104
200.0,19.0,53.0,0.358,9.0,22.0,0.409,10.0,31.0,0.323,14.0,18.0,0.778,10.0,23.0,33.0,14.0,5.0,4.0,15.0,21.0,62.0,0.504,0.453,0.585,0.34,32.3,76.7,54.1,73.7,7.4,9.8,19.6,100.0,91.2,98.5,loser,Albany (NY),104
200.0,29.0,64.0,0.453,18.0,34.0,0.529,11.0,30.0,0.367,18.0,27.0,0.667,13.0,26.0,39.0,14.0,9.0,6.0,14.0,14.0,87.0,0.566,0.539,0.469,0.422,35.1,92.9,60.0,48.3,11.8,21.4,15.4,100.0,114.5,88.2,winner,Troy,105
200.0,27.0,55.0,0.491,21.0,28.0,0.75,6.0,27.0,0.222,7.0,11.0,0.636,2.0,24.0,26.0,14.0,6.0,2.0,16.0,23.0,67.0,0.556,0.545,0.491,0.2,7.1,64.9,40.0,51.9,7.9,5.9,21.0,100.0,88.2,114.5,loser,Montevallo,105
200.0,30.0,72.0,0.417,23.0,50.0,0.46,7.0,22.0,0.318,22.0,27.0,0.815,15.0,35.0,50.0,11.0,8.0,8.0,7.0,15.0,89.0,0.525,0.465,0.306,0.375,37.5,87.5,62.5,36.7,10.5,17.4,7.6,100.0,117.1,63.2,winner,Utah,106
200.0,19.0,59.0,0.322,16.0,46.0,0.348,3.0,13.0,0.231,7.0,11.0,0.636,5.0,25.0,30.0,10.0,2.0,1.0,16.0,19.0,48.0,0.374,0.347,0.22,0.186,12.5,62.5,37.5,52.6,2.6,2.0,19.9,100.0,63.2,117.1,loser,LIU,106
200.0,28.0,52.0,0.538,18.0,29.0,0.621,10.0,23.0,0.435,14.0,15.0,0.933,4.0,25.0,29.0,15.0,8.0,2.0,15.0,15.0,80.0,0.677,0.635,0.442,0.288,16.7,86.2,54.7,53.6,11.3,5.9,20.2,100.0,112.7,91.5,winner,Vermont,107
200.0,23.0,52.0,0.442,17.0,34.0,0.5,6.0,18.0,0.333,13.0,18.0,0.722,4.0,20.0,24.0,9.0,9.0,2.0,16.0,18.0,65.0,0.537,0.5,0.346,0.346,13.8,83.3,45.3,39.1,12.7,6.9,20.9,100.0,91.5,112.7,loser,Brown,107
200.0,23.0,54.0,0.426,15.0,30.0,0.5,8.0,24.0,0.333,19.0,33.0,0.576,10.0,18.0,28.0,12.0,16.0,2.0,14.0,16.0,73.0,0.524,0.5,0.444,0.611,25.6,94.7,48.3,52.2,21.6,7.4,16.7,100.0,98.6,75.7,winner,VCU,108
200.0,21.0,41.0,0.512,16.0,27.0,0.593,5.0,14.0,0.357,9.0,14.0,0.643,1.0,29.0,30.0,12.0,6.0,3.0,27.0,27.0,56.0,0.588,0.573,0.341,0.341,5.3,74.4,51.7,57.1,8.1,10.0,36.2,100.0,75.7,98.6,loser,Manhattan,108
200.0,29.0,55.0,0.527,20.0,35.0,0.571,9.0,20.0,0.45,16.0,24.0,0.667,10.0,24.0,34.0,19.0,6.0,8.0,12.0,24.0,83.0,0.625,0.609,0.364,0.436,38.5,77.4,59.6,65.5,9.0,21.1,15.3,100.0,123.9,91.0,winner,Washington State,109
200.0,23.0,50.0,0.46,20.0,38.0,0.526,3.0,12.0,0.25,12.0,26.0,0.462,7.0,16.0,23.0,11.0,4.0,4.0,11.0,20.0,61.0,0.489,0.49,0.24,0.52,22.6,61.5,40.4,47.8,6.0,11.4,15.0,100.0,91.0,123.9,loser,Texas State,109
200.0,28.0,57.0,0.491,22.0,37.0,0.595,6.0,20.0,0.3,14.0,19.0,0.737,15.0,28.0,43.0,17.0,11.0,4.0,17.0,22.0,76.0,0.576,0.544,0.351,0.333,57.7,73.7,67.2,60.7,15.7,11.8,20.5,100.0,108.6,82.9,winner,West Virginia,110
200.0,18.0,55.0,0.327,8.0,34.0,0.235,10.0,21.0,0.476,12.0,22.0,0.545,10.0,11.0,21.0,11.0,6.0,2.0,16.0,22.0,58.0,0.443,0.418,0.382,0.4,26.3,42.3,32.8,61.1,8.6,5.4,19.6,100.0,82.9,108.6,loser,Mount St. Mary's,110
200.0,30.0,62.0,0.484,20.0,41.0,0.488,10.0,21.0,0.476,4.0,6.0,0.667,11.0,23.0,34.0,15.0,3.0,2.0,9.0,11.0,74.0,0.571,0.565,0.339,0.097,37.9,71.9,55.7,50.0,4.8,5.6,12.2,100.0,119.4,95.2,winner,Navy,111
200.0,23.0,57.0,0.404,17.0,36.0,0.472,6.0,21.0,0.286,7.0,10.0,0.7,9.0,18.0,27.0,9.0,4.0,5.0,9.0,12.0,59.0,0.478,0.456,0.368,0.175,28.1,62.1,44.3,39.1,6.5,12.2,12.7,100.0,95.2,119.4,loser,William & Mary,111
200.0,49.0,75.0,0.653,37.0,51.0,0.725,12.0,24.0,0.5,10.0,12.0,0.833,13.0,39.0,52.0,17.0,10.0,5.0,9.0,12.0,120.0,0.743,0.733,0.32,0.16,59.1,86.7,77.6,34.7,12.8,10.2,10.0,100.0,153.8,61.5,winner,Wofford,112
200.0,17.0,65.0,0.262,14.0,49.0,0.286,3.0,16.0,0.188,11.0,17.0,0.647,6.0,9.0,15.0,3.0,1.0,0.0,12.0,14.0,48.0,0.328,0.285,0.246,0.262,13.3,40.9,22.4,17.6,1.3,0.0,14.1,100.0,61.5,153.8,loser,Bob Jones University,112
200.0,32.0,62.0,0.516,27.0,48.0,0.563,5.0,14.0,0.357,27.0,36.0,0.75,17.0,26.0,43.0,24.0,15.0,10.0,20.0,20.0,96.0,0.607,0.556,0.226,0.581,60.7,63.4,62.3,75.0,18.1,18.9,20.2,100.0,115.7,88.0,winner,Xavier,113
199.0,26.0,70.0,0.371,21.0,53.0,0.396,5.0,17.0,0.294,16.0,22.0,0.727,15.0,11.0,26.0,11.0,17.0,3.0,18.0,28.0,73.0,0.454,0.407,0.243,0.314,36.6,39.3,37.7,42.3,20.5,6.3,18.3,100.0,88.0,115.7,loser,Morgan State,113
200.0,39.0,68.0,0.574,28.0,40.0,0.7,11.0,28.0,0.393,7.0,13.0,0.538,14.0,36.0,50.0,29.0,11.0,8.0,16.0,14.0,96.0,0.647,0.654,0.412,0.191,46.7,81.8,67.6,74.4,14.5,27.6,17.7,100.0,126.3,53.9,winner,Yale,114
200.0,16.0,61.0,0.262,10.0,29.0,0.345,6.0,32.0,0.188,3.0,13.0,0.231,8.0,16.0,24.0,6.0,7.0,3.0,16.0,11.0,41.0,0.305,0.311,0.525,0.213,18.2,53.3,32.4,37.5,9.2,7.5,19.2,100.0,53.9,126.3,loser,Sarah Lawrence,114
200.0,23.0,57.0,0.404,15.0,29.0,0.517,8.0,28.0,0.286,11.0,20.0,0.55,4.0,28.0,32.0,12.0,9.0,5.0,15.0,17.0,65.0,0.489,0.474,0.491,0.351,10.8,80.0,44.4,52.2,11.7,13.9,18.4,100.0,84.4,72.7,winner,Abilene Christian,115
215.0,22.0,55.0,0.4,20.0,36.0,0.556,2.0,19.0,0.105,10.0,14.0,0.714,7.0,33.0,40.0,9.0,6.0,1.0,21.0,21.0,56.0,0.454,0.418,0.345,0.255,20.0,89.2,55.6,40.9,7.8,3.4,25.4,100.0,72.7,84.4,loser,Jackson State,115
200.0,36.0,64.0,0.563,26.0,43.0,0.605,10.0,21.0,0.476,4.0,10.0,0.4,10.0,30.0,40.0,29.0,15.0,4.0,11.0,12.0,86.0,0.625,0.641,0.328,0.156,33.3,81.1,59.7,80.6,21.4,10.8,13.8,100.0,122.9,78.6,winner,Arkansas State,116
200.0,21.0,56.0,0.375,15.0,37.0,0.405,6.0,19.0,0.316,7.0,10.0,0.7,7.0,20.0,27.0,9.0,8.0,5.0,16.0,12.0,55.0,0.453,0.429,0.339,0.179,18.9,66.7,40.3,42.9,11.4,11.6,20.8,100.0,78.6,122.9,loser,Harding,116
200.0,34.0,72.0,0.472,30.0,55.0,0.545,4.0,17.0,0.235,7.0,13.0,0.538,12.0,27.0,39.0,19.0,16.0,5.0,18.0,15.0,79.0,0.505,0.5,0.236,0.181,33.3,77.1,54.9,55.9,19.0,18.5,18.7,100.0,94.0,91.7,winner,Boston College,117
200.0,29.0,63.0,0.46,16.0,27.0,0.593,13.0,36.0,0.361,6.0,11.0,0.545,8.0,24.0,32.0,18.0,13.0,4.0,23.0,16.0,77.0,0.564,0.563,0.571,0.175,22.9,66.7,45.1,62.1,15.5,7.3,25.2,100.0,91.7,94.0,loser,Cornell,117
200.0,32.0,57.0,0.561,23.0,39.0,0.59,9.0,18.0,0.5,20.0,27.0,0.741,8.0,23.0,31.0,15.0,10.0,4.0,7.0,13.0,93.0,0.666,0.64,0.316,0.474,27.6,74.2,51.7,46.9,14.7,12.9,9.1,100.0,136.8,86.8,winner,Bradley,118
200.0,23.0,56.0,0.411,17.0,31.0,0.548,6.0,25.0,0.24,7.0,8.0,0.875,8.0,21.0,29.0,11.0,4.0,2.0,15.0,17.0,59.0,0.493,0.464,0.446,0.143,25.8,72.4,48.3,47.8,5.9,5.1,20.1,100.0,86.8,136.8,loser,Wisconsin-Parkside,118
200.0,21.0,49.0,0.429,12.0,25.0,0.48,9.0,24.0,0.375,28.0,38.0,0.737,12.0,23.0,35.0,13.0,9.0,6.0,13.0,12.0,79.0,0.589,0.52,0.49,0.776,35.3,82.1,56.5,61.9,13.2,17.1,16.2,100.0,116.2,91.2,winner,Campbell,119
200.0,24.0,52.0,0.462,17.0,35.0,0.486,7.0,17.0,0.412,7.0,11.0,0.636,5.0,22.0,27.0,12.0,9.0,2.0,16.0,27.0,62.0,0.542,0.529,0.327,0.212,17.9,64.7,43.5,50.0,13.2,8.0,21.9,100.0,91.2,116.2,loser,St. Augustine's,119
250.0,34.0,66.0,0.515,23.0,37.0,0.622,11.0,29.0,0.379,19.0,26.0,0.731,8.0,25.0,33.0,13.0,8.0,6.0,19.0,20.0,98.0,0.625,0.598,0.439,0.394,27.6,61.0,47.1,38.2,9.1,12.5,19.5,100.0,111.4,108.0,winner,UNC Asheville,120
250.0,37.0,81.0,0.457,27.0,48.0,0.563,10.0,33.0,0.303,11.0,15.0,0.733,16.0,21.0,37.0,12.0,9.0,5.0,14.0,23.0,95.0,0.539,0.519,0.407,0.185,39.0,72.4,52.9,32.4,10.2,13.5,13.7,100.0,108.0,111.4,loser,UCF,120
200.0,30.0,64.0,0.469,24.0,51.0,0.471,6.0,13.0,0.462,16.0,26.0,0.615,10.0,27.0,37.0,15.0,9.0,4.0,13.0,12.0,82.0,0.537,0.516,0.203,0.406,26.3,69.2,48.1,50.0,11.5,7.8,14.5,100.0,105.1,84.6,winner,Colorado,121
200.0,29.0,72.0,0.403,25.0,51.0,0.49,4.0,21.0,0.19,4.0,10.0,0.4,12.0,28.0,40.0,7.0,5.0,4.0,12.0,22.0,66.0,0.43,0.431,0.292,0.139,30.8,73.7,51.9,24.1,6.4,7.8,13.5,100.0,84.6,105.1,loser,UC-Riverside,121
200.0,29.0,61.0,0.475,19.0,36.0,0.528,10.0,25.0,0.4,13.0,18.0,0.722,9.0,31.0,40.0,12.0,8.0,4.0,10.0,12.0,81.0,0.582,0.557,0.41,0.295,31.0,86.1,61.5,41.4,11.3,16.7,12.6,100.0,114.1,63.4,winner,Florida,122
200.0,16.0,52.0,0.308,10.0,24.0,0.417,6.0,28.0,0.214,7.0,13.0,0.538,5.0,20.0,25.0,9.0,6.0,2.0,18.0,14.0,45.0,0.387,0.365,0.538,0.25,13.9,69.0,38.5,56.3,8.5,5.6,23.6,100.0,63.4,114.1,loser,Stony Brook,122
200.0,27.0,72.0,0.375,18.0,47.0,0.383,9.0,25.0,0.36,13.0,20.0,0.65,16.0,25.0,41.0,13.0,9.0,9.0,5.0,8.0,76.0,0.466,0.438,0.347,0.278,39.0,83.3,57.7,48.1,12.9,26.5,5.8,100.0,108.6,84.3,winner,Georgia State,123
200.0,22.0,55.0,0.4,13.0,34.0,0.382,9.0,21.0,0.429,6.0,8.0,0.75,5.0,25.0,30.0,14.0,1.0,3.0,15.0,17.0,59.0,0.502,0.482,0.382,0.145,16.7,61.0,42.3,63.6,1.4,6.4,20.3,100.0,84.3,108.6,loser,Coastal Georgia,123
200.0,30.0,64.0,0.469,25.0,48.0,0.521,5.0,16.0,0.313,17.0,27.0,0.63,15.0,26.0,41.0,10.0,12.0,5.0,15.0,12.0,82.0,0.534,0.508,0.25,0.422,45.5,74.3,60.3,33.3,15.8,11.4,16.3,100.0,107.9,75.0,winner,Grambling,124
200.0,21.0,62.0,0.339,17.0,44.0,0.386,4.0,18.0,0.222,11.0,13.0,0.846,9.0,18.0,27.0,7.0,4.0,4.0,15.0,22.0,57.0,0.418,0.371,0.29,0.21,25.7,54.5,39.7,33.3,5.3,8.3,18.0,100.0,75.0,107.9,loser,North Texas at Dallas,124
200.0,40.0,75.0,0.533,33.0,50.0,0.66,7.0,25.0,0.28,22.0,33.0,0.667,16.0,28.0,44.0,16.0,15.0,7.0,13.0,17.0,109.0,0.601,0.58,0.333,0.44,43.2,63.6,54.3,40.0,17.2,14.9,12.5,100.0,125.3,81.6,winner,High Point,125
200.0,28.0,73.0,0.384,22.0,47.0,0.468,6.0,26.0,0.231,9.0,13.0,0.692,16.0,21.0,37.0,15.0,9.0,8.0,23.0,22.0,71.0,0.448,0.425,0.356,0.178,36.4,56.8,45.7,53.6,10.3,16.0,22.5,100.0,81.6,125.3,loser,Pfeiffer,125
200.0,31.0,69.0,0.449,24.0,42.0,0.571,7.0,27.0,0.259,13.0,22.0,0.591,12.0,39.0,51.0,16.0,12.0,10.0,13.0,17.0,82.0,0.516,0.5,0.391,0.319,32.4,84.8,61.4,51.6,14.6,22.7,14.1,100.0,100.0,58.5,winner,UIC,126
200.0,18.0,64.0,0.281,13.0,44.0,0.295,5.0,20.0,0.25,7.0,12.0,0.583,7.0,25.0,32.0,8.0,6.0,2.0,20.0,20.0,48.0,0.344,0.32,0.313,0.188,15.2,67.6,38.6,44.4,7.3,4.8,22.3,100.0,58.5,100.0,loser,Trinity Christian,126
200.0,28.0,65.0,0.431,20.0,39.0,0.513,8.0,26.0,0.308,7.0,10.0,0.7,4.0,22.0,26.0,16.0,5.0,3.0,4.0,17.0,71.0,0.509,0.492,0.4,0.154,11.1,71.0,38.8,57.1,7.0,8.1,5.4,100.0,100.0,95.8,winner,Western Illinois,127
200.0,21.0,56.0,0.375,16.0,37.0,0.432,5.0,19.0,0.263,21.0,25.0,0.84,9.0,32.0,41.0,4.0,3.0,3.0,13.0,16.0,68.0,0.501,0.42,0.339,0.446,29.0,88.9,61.2,19.0,4.2,7.7,16.1,100.0,95.8,100.0,loser,Illinois State,127
200.0,21.0,50.0,0.42,16.0,30.0,0.533,5.0,20.0,0.25,18.0,27.0,0.667,10.0,23.0,33.0,14.0,3.0,6.0,12.0,16.0,65.0,0.517,0.47,0.4,0.54,38.5,71.9,56.9,66.7,4.5,14.6,16.0,100.0,97.0,85.1,winner,North Dakota,128
200.0,22.0,61.0,0.361,19.0,41.0,0.463,3.0,20.0,0.15,10.0,15.0,0.667,9.0,16.0,25.0,10.0,9.0,2.0,10.0,26.0,57.0,0.418,0.385,0.328,0.246,28.1,61.5,43.1,45.5,13.4,6.7,12.8,100.0,85.1,97.0,loser,Incarnate Word,128
200.0,32.0,62.0,0.516,26.0,43.0,0.605,6.0,19.0,0.316,18.0,23.0,0.783,13.0,24.0,37.0,20.0,15.0,4.0,14.0,18.0,88.0,0.603,0.565,0.306,0.371,46.4,80.0,63.8,62.5,20.5,13.8,16.1,100.0,120.5,53.4,winner,Iowa State,129
200.0,14.0,42.0,0.333,12.0,29.0,0.414,2.0,13.0,0.154,9.0,16.0,0.563,6.0,15.0,21.0,4.0,7.0,2.0,28.0,24.0,39.0,0.393,0.357,0.31,0.381,20.0,53.6,36.2,28.6,9.6,4.7,36.1,100.0,53.4,120.5,loser,IUPUI,129
199.0,21.0,54.0,0.389,16.0,34.0,0.471,5.0,20.0,0.25,16.0,24.0,0.667,13.0,24.0,37.0,12.0,6.0,5.0,14.0,13.0,63.0,0.482,0.435,0.37,0.444,37.1,61.5,50.0,57.1,9.0,13.5,17.6,100.0,94.0,91.0,winner,Lamar,130
200.0,22.0,65.0,0.338,13.0,37.0,0.351,9.0,28.0,0.321,8.0,10.0,0.8,15.0,22.0,37.0,14.0,5.0,4.0,13.0,20.0,61.0,0.437,0.408,0.431,0.154,38.5,62.9,50.0,63.6,7.5,11.8,15.7,100.0,91.0,94.0,loser,St. Thomas (TX),130
200.0,34.0,64.0,0.531,22.0,36.0,0.611,12.0,28.0,0.429,26.0,30.0,0.867,13.0,36.0,49.0,18.0,5.0,5.0,12.0,14.0,106.0,0.677,0.625,0.438,0.469,40.6,81.8,64.5,52.9,6.3,11.9,13.3,100.0,134.2,69.6,winner,Louisiana,131
200.0,19.0,67.0,0.284,12.0,42.0,0.286,7.0,25.0,0.28,10.0,11.0,0.909,8.0,19.0,27.0,4.0,4.0,1.0,16.0,23.0,55.0,0.381,0.336,0.373,0.164,18.2,59.4,35.5,21.1,5.1,2.8,18.1,100.0,69.6,134.2,loser,Centenary (LA),131
225.0,31.0,67.0,0.463,23.0,31.0,0.742,8.0,36.0,0.222,18.0,26.0,0.692,13.0,29.0,42.0,21.0,7.0,5.0,18.0,23.0,88.0,0.555,0.522,0.537,0.388,37.1,61.7,51.2,67.7,8.4,10.6,18.5,100.0,106.0,98.8,winner,Loyola (IL),132
225.0,30.0,75.0,0.4,23.0,47.0,0.489,7.0,28.0,0.25,15.0,23.0,0.652,18.0,22.0,40.0,11.0,9.0,2.0,14.0,25.0,82.0,0.477,0.447,0.373,0.307,38.3,62.9,48.8,36.7,10.8,6.5,14.0,100.0,98.8,106.0,loser,Fairleigh Dickinson,132
200.0,27.0,59.0,0.458,22.0,40.0,0.55,5.0,19.0,0.263,20.0,25.0,0.8,8.0,30.0,38.0,18.0,9.0,3.0,18.0,20.0,79.0,0.557,0.5,0.322,0.424,25.0,81.1,55.1,66.7,11.3,7.9,20.3,100.0,98.8,86.3,winner,Marquette,133
200.0,26.0,63.0,0.413,21.0,38.0,0.553,5.0,25.0,0.2,12.0,20.0,0.6,7.0,24.0,31.0,11.0,8.0,3.0,14.0,20.0,69.0,0.476,0.452,0.397,0.317,18.9,75.0,44.9,42.3,10.0,7.5,16.2,100.0,86.3,98.8,loser,Radford,133
200.0,47.0,83.0,0.566,36.0,52.0,0.692,11.0,31.0,0.355,5.0,13.0,0.385,21.0,27.0,48.0,25.0,14.0,3.0,11.0,15.0,110.0,0.617,0.633,0.373,0.157,52.5,75.0,63.2,53.2,17.5,10.7,11.0,100.0,137.5,67.5,winner,McNeese State,134
200.0,21.0,59.0,0.356,15.0,28.0,0.536,6.0,31.0,0.194,6.0,11.0,0.545,9.0,19.0,28.0,13.0,10.0,3.0,25.0,13.0,54.0,0.42,0.407,0.525,0.186,25.0,47.5,36.8,61.9,12.5,5.8,28.0,100.0,67.5,137.5,loser,Champion Christian,134
200.0,28.0,60.0,0.467,21.0,37.0,0.568,7.0,23.0,0.304,15.0,20.0,0.75,8.0,25.0,33.0,9.0,5.0,2.0,12.0,17.0,78.0,0.561,0.525,0.383,0.333,28.6,78.1,55.0,32.1,6.7,5.4,14.7,100.0,104.0,98.7,winner,Evansville,135
200.0,26.0,60.0,0.433,20.0,37.0,0.541,6.0,23.0,0.261,16.0,20.0,0.8,7.0,20.0,27.0,11.0,7.0,1.0,13.0,16.0,74.0,0.532,0.483,0.383,0.333,21.9,71.4,45.0,42.3,9.3,2.7,15.8,100.0,98.7,104.0,loser,Miami (OH),135
200.0,35.0,73.0,0.479,28.0,45.0,0.622,7.0,28.0,0.25,20.0,28.0,0.714,14.0,24.0,38.0,20.0,12.0,4.0,11.0,20.0,97.0,0.562,0.527,0.384,0.384,37.8,75.0,55.1,57.1,14.3,13.3,11.3,100.0,115.5,108.3,winner,Missouri,136
200.0,29.0,60.0,0.483,14.0,30.0,0.467,15.0,30.0,0.5,18.0,24.0,0.75,8.0,23.0,31.0,15.0,7.0,5.0,21.0,24.0,91.0,0.637,0.608,0.5,0.4,25.0,62.2,44.9,51.7,8.3,11.1,22.7,100.0,108.3,115.5,loser,Southern Indiana,136
200.0,21.0,60.0,0.35,15.0,44.0,0.341,6.0,16.0,0.375,11.0,20.0,0.55,14.0,22.0,36.0,10.0,9.0,4.0,17.0,18.0,59.0,0.424,0.4,0.267,0.333,35.9,68.8,50.7,47.6,12.3,13.8,19.7,100.0,80.8,76.7,winner,Lincoln (MO),137
200.0,21.0,54.0,0.389,16.0,29.0,0.552,5.0,25.0,0.2,9.0,17.0,0.529,10.0,25.0,35.0,9.0,6.0,6.0,21.0,19.0,56.0,0.451,0.435,0.463,0.315,31.3,64.1,49.3,42.9,8.2,13.6,25.3,100.0,76.7,80.8,loser,Kansas City,137
199.0,30.0,65.0,0.462,23.0,43.0,0.535,7.0,22.0,0.318,12.0,16.0,0.75,15.0,26.0,41.0,12.0,2.0,2.0,11.0,10.0,79.0,0.544,0.515,0.338,0.246,42.9,83.9,62.1,40.0,2.9,7.7,13.2,100.0,116.2,97.1,winner,Nebraska,138
200.0,26.0,55.0,0.473,14.0,26.0,0.538,12.0,29.0,0.414,2.0,10.0,0.2,5.0,20.0,25.0,16.0,7.0,7.0,12.0,18.0,66.0,0.552,0.582,0.527,0.182,16.1,57.1,37.9,61.5,10.3,16.3,16.7,100.0,97.1,116.2,loser,Maine,138
200.0,45.0,71.0,0.634,36.0,46.0,0.783,9.0,25.0,0.36,9.0,11.0,0.818,9.0,26.0,35.0,21.0,17.0,3.0,14.0,11.0,108.0,0.708,0.697,0.352,0.155,42.9,65.0,57.4,46.7,21.3,6.5,15.5,100.0,135.0,63.8,winner,North Alabama,139
200.0,20.0,63.0,0.317,17.0,46.0,0.37,3.0,17.0,0.176,8.0,12.0,0.667,14.0,12.0,26.0,5.0,9.0,0.0,24.0,10.0,51.0,0.371,0.341,0.27,0.19,35.0,57.1,42.6,25.0,11.3,0.0,25.9,100.0,63.8,135.0,loser,Oakwood,139
200.0,40.0,65.0,0.615,29.0,37.0,0.784,11.0,28.0,0.393,8.0,10.0,0.8,8.0,28.0,36.0,20.0,10.0,6.0,14.0,20.0,99.0,0.71,0.7,0.431,0.154,36.4,82.4,64.3,50.0,13.3,13.6,16.7,100.0,132.0,66.7,winner,NC State,140
200.0,16.0,52.0,0.308,15.0,44.0,0.341,1.0,8.0,0.125,17.0,20.0,0.85,6.0,14.0,20.0,8.0,6.0,1.0,19.0,14.0,50.0,0.407,0.317,0.154,0.385,17.6,63.6,35.7,50.0,8.0,2.7,23.6,100.0,66.7,132.0,loser,Austin Peay,140
200.0,18.0,53.0,0.34,14.0,31.0,0.452,4.0,22.0,0.182,13.0,21.0,0.619,17.0,18.0,35.0,5.0,6.0,4.0,7.0,14.0,53.0,0.421,0.377,0.415,0.396,47.2,78.3,59.3,27.8,10.7,21.1,10.0,100.0,94.6,83.9,winner,North Texas,141
200.0,14.0,38.0,0.368,8.0,19.0,0.421,6.0,19.0,0.316,13.0,17.0,0.765,5.0,19.0,24.0,5.0,4.0,2.0,18.0,22.0,47.0,0.51,0.447,0.5,0.447,21.7,52.8,40.7,35.7,7.1,6.5,28.1,100.0,83.9,94.6,loser,Southern Nazarene,141
200.0,29.0,55.0,0.527,18.0,28.0,0.643,11.0,27.0,0.407,14.0,24.0,0.583,8.0,33.0,41.0,18.0,1.0,5.0,18.0,18.0,83.0,0.625,0.627,0.491,0.436,33.3,76.7,61.2,62.1,1.3,14.7,21.3,100.0,110.7,102.7,winner,Illinois-Springfield,142
200.0,28.0,69.0,0.406,18.0,34.0,0.529,10.0,35.0,0.286,11.0,14.0,0.786,10.0,16.0,26.0,12.0,10.0,1.0,8.0,21.0,77.0,0.509,0.478,0.507,0.203,23.3,66.7,38.8,42.9,13.3,3.6,9.6,100.0,102.7,110.7,loser,Northern Illinois,142
200.0,40.0,67.0,0.597,27.0,35.0,0.771,13.0,32.0,0.406,12.0,19.0,0.632,10.0,28.0,38.0,17.0,12.0,3.0,11.0,14.0,105.0,0.691,0.694,0.478,0.284,34.5,84.8,61.3,42.5,15.4,9.7,12.6,100.0,134.6,62.8,winner,Northern Iowa,143
200.0,18.0,57.0,0.316,14.0,31.0,0.452,4.0,26.0,0.154,9.0,14.0,0.643,5.0,19.0,24.0,8.0,7.0,1.0,21.0,13.0,49.0,0.385,0.351,0.456,0.246,15.2,65.5,38.7,44.4,9.0,2.9,24.8,100.0,62.8,134.6,loser,Wartburg,143
200.0,24.0,56.0,0.429,14.0,35.0,0.4,10.0,21.0,0.476,27.0,32.0,0.844,9.0,32.0,41.0,20.0,8.0,4.0,14.0,18.0,85.0,0.597,0.518,0.375,0.571,34.6,74.4,59.4,83.3,10.8,13.8,16.4,100.0,114.9,73.0,winner,Northwestern,144
199.0,16.0,63.0,0.254,7.0,29.0,0.241,9.0,34.0,0.265,13.0,18.0,0.722,11.0,17.0,28.0,9.0,6.0,5.0,12.0,28.0,54.0,0.377,0.325,0.54,0.286,25.6,65.4,40.6,56.3,8.1,14.3,14.4,100.0,73.0,114.9,loser,Chicago State,144
200.0,21.0,64.0,0.328,15.0,41.0,0.366,6.0,23.0,0.261,4.0,9.0,0.444,10.0,25.0,35.0,9.0,9.0,1.0,12.0,15.0,52.0,0.381,0.375,0.359,0.141,24.4,89.3,50.7,42.9,12.9,4.2,14.9,100.0,74.3,72.9,winner,Sam Houston State,145
200.0,16.0,43.0,0.372,11.0,24.0,0.458,5.0,19.0,0.263,14.0,20.0,0.7,3.0,31.0,34.0,6.0,4.0,5.0,20.0,12.0,51.0,0.486,0.43,0.442,0.465,10.7,75.6,49.3,37.5,5.7,12.2,27.6,100.0,72.9,74.3,loser,Oklahoma,145
200.0,35.0,74.0,0.473,25.0,43.0,0.581,10.0,31.0,0.323,11.0,16.0,0.688,15.0,31.0,46.0,23.0,5.0,1.0,8.0,16.0,91.0,0.558,0.541,0.419,0.216,40.5,77.5,59.7,65.7,6.8,2.5,8.9,100.0,123.0,91.9,winner,Saint Louis,146
200.0,23.0,62.0,0.371,16.0,40.0,0.4,7.0,22.0,0.318,15.0,22.0,0.682,9.0,22.0,31.0,7.0,3.0,2.0,10.0,17.0,68.0,0.469,0.427,0.355,0.355,22.5,59.5,40.3,30.4,4.1,4.7,12.1,100.0,91.9,123.0,loser,Murray State,146
200.0,37.0,76.0,0.487,28.0,44.0,0.636,9.0,32.0,0.281,26.0,34.0,0.765,12.0,28.0,40.0,17.0,8.0,4.0,9.0,20.0,109.0,0.591,0.546,0.421,0.447,29.3,77.8,51.9,45.9,8.9,11.1,8.9,100.0,121.1,94.4,winner,Samford,147
200.0,27.0,68.0,0.397,13.0,36.0,0.361,14.0,32.0,0.438,17.0,23.0,0.739,8.0,29.0,37.0,16.0,5.0,1.0,19.0,26.0,85.0,0.538,0.5,0.471,0.338,22.2,70.7,48.1,59.3,5.6,2.3,19.4,100.0,94.4,121.1,loser,Anderson (SC),147
200.0,20.0,56.0,0.357,10.0,30.0,0.333,10.0,26.0,0.385,14.0,22.0,0.636,11.0,25.0,36.0,10.0,6.0,2.0,13.0,21.0,64.0,0.482,0.446,0.464,0.393,28.9,80.6,52.2,50.0,8.6,6.1,16.4,100.0,91.4,87.1,winner,Southeast Missouri State,148
200.0,24.0,52.0,0.462,20.0,33.0,0.606,4.0,19.0,0.211,9.0,19.0,0.474,6.0,27.0,33.0,8.0,6.0,3.0,16.0,19.0,61.0,0.5,0.5,0.365,0.365,19.4,71.1,47.8,33.3,8.6,10.0,20.8,100.0,87.1,91.4,loser,South Florida,148
200.0,36.0,61.0,0.59,29.0,45.0,0.644,7.0,16.0,0.438,11.0,18.0,0.611,9.0,27.0,36.0,18.0,6.0,1.0,11.0,11.0,90.0,0.647,0.648,0.262,0.295,33.3,87.1,62.1,50.0,8.5,2.7,13.7,100.0,126.8,101.4,winner,Southeastern Louisiana,149
200.0,28.0,65.0,0.431,18.0,37.0,0.486,10.0,28.0,0.357,6.0,7.0,0.857,4.0,18.0,22.0,14.0,7.0,2.0,7.0,15.0,72.0,0.527,0.508,0.431,0.108,12.9,66.7,37.9,50.0,9.9,4.4,9.3,100.0,101.4,126.8,loser,Loyola (LA),149
200.0,32.0,55.0,0.582,20.0,27.0,0.741,12.0,28.0,0.429,18.0,24.0,0.75,11.0,33.0,44.0,20.0,4.0,3.0,18.0,20.0,94.0,0.708,0.691,0.509,0.436,42.3,76.7,63.8,62.5,5.6,6.5,21.3,100.0,132.4,88.7,winner,Southern Illinois,150
200.0,26.0,64.0,0.406,23.0,46.0,0.5,3.0,18.0,0.167,8.0,18.0,0.444,10.0,15.0,25.0,8.0,11.0,3.0,7.0,19.0,63.0,0.434,0.43,0.281,0.281,23.3,57.7,36.2,30.8,15.5,11.1,8.8,100.0,88.7,132.4,loser,Little Rock,150
200.0,31.0,59.0,0.525,23.0,36.0,0.639,8.0,23.0,0.348,15.0,20.0,0.75,13.0,22.0,35.0,19.0,8.0,7.0,13.0,13.0,85.0,0.62,0.593,0.39,0.339,50.0,71.0,61.4,61.3,11.6,18.9,16.0,100.0,123.2,82.6,winner,SIU-Edwardsville,151
200.0,22.0,57.0,0.386,18.0,37.0,0.486,4.0,20.0,0.2,9.0,10.0,0.9,9.0,13.0,22.0,10.0,5.0,0.0,17.0,15.0,57.0,0.462,0.421,0.351,0.175,29.0,50.0,38.6,45.5,7.2,0.0,21.6,100.0,82.6,123.2,loser,Harris-Stowe,151
200.0,29.0,58.0,0.5,26.0,40.0,0.65,3.0,18.0,0.167,16.0,23.0,0.696,8.0,32.0,40.0,11.0,3.0,7.0,11.0,16.0,77.0,0.559,0.526,0.31,0.397,27.6,74.4,55.6,37.9,4.2,16.3,13.8,100.0,108.5,84.5,winner,SMU,152
200.0,23.0,66.0,0.348,18.0,43.0,0.419,5.0,23.0,0.217,9.0,16.0,0.563,11.0,21.0,32.0,8.0,4.0,1.0,7.0,23.0,60.0,0.408,0.386,0.348,0.242,25.6,72.4,44.4,34.8,5.6,2.5,8.7,100.0,84.5,108.5,loser,Texas A&M-Commerce,152
200.0,31.0,66.0,0.47,28.0,51.0,0.549,3.0,15.0,0.2,10.0,21.0,0.476,16.0,21.0,37.0,14.0,15.0,1.0,13.0,15.0,75.0,0.494,0.492,0.227,0.318,43.2,67.7,54.4,45.2,21.4,4.8,14.6,100.0,107.1,60.0,winner,Southern Miss,153
200.0,13.0,42.0,0.31,7.0,21.0,0.333,6.0,21.0,0.286,10.0,16.0,0.625,10.0,21.0,31.0,6.0,8.0,3.0,28.0,17.0,42.0,0.423,0.381,0.5,0.381,32.3,56.8,45.6,46.2,11.4,5.9,36.1,100.0,60.0,107.1,loser,William Carey,153
200.0,30.0,55.0,0.545,24.0,43.0,0.558,6.0,12.0,0.5,24.0,31.0,0.774,7.0,27.0,34.0,13.0,8.0,7.0,13.0,10.0,90.0,0.645,0.6,0.218,0.564,30.4,81.8,60.7,43.3,10.7,16.7,15.7,100.0,120.0,96.0,winner,Syracuse,154
200.0,27.0,63.0,0.429,19.0,42.0,0.452,8.0,21.0,0.381,10.0,13.0,0.769,6.0,16.0,22.0,16.0,7.0,2.0,12.0,19.0,72.0,0.52,0.492,0.333,0.206,18.2,69.6,39.3,59.3,9.3,4.7,14.8,100.0,96.0,120.0,loser,Lehigh,154
200.0,32.0,63.0,0.508,20.0,37.0,0.541,12.0,26.0,0.462,11.0,18.0,0.611,9.0,35.0,44.0,21.0,3.0,3.0,14.0,25.0,87.0,0.608,0.603,0.413,0.286,26.5,81.4,57.1,65.6,3.8,7.7,16.4,100.0,111.5,69.2,winner,Texas A&M,155
200.0,16.0,59.0,0.271,14.0,39.0,0.359,2.0,20.0,0.1,20.0,28.0,0.714,8.0,25.0,33.0,6.0,10.0,4.0,16.0,18.0,54.0,0.373,0.288,0.339,0.475,18.6,73.5,42.9,37.5,12.8,10.8,18.1,100.0,69.2,111.5,loser,Louisiana-Monroe,155
200.0,31.0,76.0,0.408,26.0,46.0,0.565,5.0,30.0,0.167,7.0,13.0,0.538,20.0,31.0,51.0,17.0,7.0,9.0,13.0,16.0,74.0,0.45,0.441,0.395,0.171,44.4,77.5,60.0,54.8,9.3,22.0,13.7,100.0,98.7,62.7,winner,UTSA,156
200.0,18.0,59.0,0.305,16.0,41.0,0.39,2.0,18.0,0.111,9.0,19.0,0.474,9.0,25.0,34.0,7.0,9.0,5.0,15.0,12.0,47.0,0.345,0.322,0.305,0.322,22.5,55.6,40.0,38.9,12.0,10.9,18.1,100.0,62.7,98.7,loser,Trinity (TX),156
200.0,36.0,69.0,0.522,28.0,47.0,0.596,8.0,22.0,0.364,9.0,11.0,0.818,7.0,27.0,34.0,14.0,5.0,4.0,7.0,15.0,89.0,0.6,0.58,0.319,0.159,21.2,90.0,54.0,38.9,6.7,12.9,8.6,100.0,118.7,89.3,winner,Tulane,157
200.0,22.0,61.0,0.361,14.0,31.0,0.452,8.0,30.0,0.267,15.0,17.0,0.882,3.0,26.0,29.0,13.0,4.0,4.0,9.0,15.0,67.0,0.485,0.426,0.492,0.279,10.0,78.8,46.0,59.1,5.3,8.5,11.5,100.0,89.3,118.7,loser,UMBC,157
200.0,27.0,53.0,0.509,22.0,34.0,0.647,5.0,19.0,0.263,17.0,19.0,0.895,7.0,26.0,33.0,14.0,8.0,2.0,13.0,18.0,76.0,0.613,0.557,0.358,0.358,30.4,74.3,56.9,51.9,11.8,7.7,17.3,100.0,111.8,98.5,winner,Memphis,158
200.0,23.0,56.0,0.411,11.0,26.0,0.423,12.0,30.0,0.4,9.0,15.0,0.6,9.0,16.0,25.0,14.0,8.0,3.0,13.0,18.0,67.0,0.531,0.518,0.536,0.268,25.7,69.6,43.1,60.9,11.8,8.8,17.1,100.0,98.5,111.8,loser,Vanderbilt,158
200.0,18.0,46.0,0.391,12.0,24.0,0.5,6.0,22.0,0.273,29.0,39.0,0.744,6.0,25.0,31.0,10.0,9.0,1.0,10.0,20.0,71.0,0.55,0.457,0.478,0.848,20.0,78.1,50.0,55.6,13.2,3.8,13.4,100.0,104.4,86.8,winner,Wake Forest,159
200.0,21.0,55.0,0.382,13.0,26.0,0.5,8.0,29.0,0.276,9.0,17.0,0.529,7.0,24.0,31.0,7.0,4.0,4.0,12.0,29.0,59.0,0.468,0.455,0.527,0.309,21.9,80.0,50.0,33.3,5.9,16.7,16.0,100.0,86.8,104.4,loser,Fairfield,159
200.0,28.0,64.0,0.438,22.0,43.0,0.512,6.0,21.0,0.286,17.0,25.0,0.68,9.0,34.0,43.0,10.0,6.0,6.0,10.0,15.0,79.0,0.521,0.484,0.328,0.391,29.0,73.9,55.8,35.7,7.7,14.0,11.6,100.0,101.3,70.5,winner,Wichita State,160
200.0,22.0,73.0,0.301,18.0,43.0,0.419,4.0,30.0,0.133,7.0,9.0,0.778,12.0,22.0,34.0,8.0,3.0,2.0,14.0,19.0,55.0,0.356,0.329,0.411,0.123,26.1,71.0,44.2,36.4,3.8,4.7,15.3,100.0,70.5,101.3,loser,Central Arkansas,160
200.0,28.0,55.0,0.509,16.0,29.0,0.552,12.0,26.0,0.462,17.0,23.0,0.739,6.0,30.0,36.0,14.0,8.0,4.0,10.0,15.0,85.0,0.645,0.618,0.473,0.418,19.4,83.3,53.7,50.0,11.4,9.5,13.2,100.0,121.4,84.3,winner,Wisconsin,161
200.0,23.0,57.0,0.404,21.0,42.0,0.5,2.0,15.0,0.133,11.0,17.0,0.647,6.0,25.0,31.0,7.0,5.0,2.0,10.0,20.0,59.0,0.453,0.421,0.263,0.298,16.7,80.6,46.3,30.4,7.1,6.9,13.3,100.0,84.3,121.4,loser,South Dakota,161
200.0,22.0,59.0,0.373,19.0,43.0,0.442,3.0,16.0,0.188,13.0,19.0,0.684,11.0,27.0,38.0,9.0,12.0,4.0,23.0,20.0,60.0,0.441,0.398,0.271,0.322,29.7,90.0,56.7,40.9,15.6,16.0,25.3,100.0,77.9,72.7,winner,BYU,162
200.0,19.0,50.0,0.38,11.0,25.0,0.44,8.0,25.0,0.32,10.0,14.0,0.714,3.0,26.0,29.0,7.0,15.0,2.0,21.0,20.0,56.0,0.494,0.46,0.5,0.28,10.0,70.3,43.3,36.8,19.5,4.7,27.0,100.0,72.7,77.9,loser,Idaho State,162
200.0,22.0,44.0,0.5,15.0,31.0,0.484,7.0,13.0,0.538,14.0,21.0,0.667,1.0,26.0,27.0,13.0,4.0,3.0,16.0,17.0,65.0,0.602,0.58,0.295,0.477,4.0,81.3,47.4,59.1,5.7,9.4,22.9,100.0,92.9,90.0,winner,Colorado State,163
200.0,23.0,54.0,0.426,16.0,32.0,0.5,7.0,22.0,0.318,10.0,16.0,0.625,6.0,24.0,30.0,8.0,10.0,4.0,15.0,21.0,63.0,0.511,0.491,0.407,0.296,18.8,96.0,52.6,34.8,14.3,12.9,19.6,100.0,90.0,92.9,loser,Gardner-Webb,163
199.0,23.0,53.0,0.434,17.0,32.0,0.531,6.0,21.0,0.286,8.0,14.0,0.571,3.0,24.0,27.0,8.0,4.0,1.0,8.0,19.0,60.0,0.503,0.491,0.396,0.264,11.5,72.7,45.8,34.8,6.3,2.6,11.8,100.0,95.2,85.7,winner,Grand Canyon,164
200.0,20.0,52.0,0.385,17.0,39.0,0.436,3.0,13.0,0.231,11.0,18.0,0.611,9.0,23.0,32.0,10.0,5.0,5.0,10.0,21.0,54.0,0.446,0.413,0.25,0.346,27.3,88.5,54.2,50.0,7.9,15.6,14.2,100.0,85.7,95.2,loser,Montana State,164
200.0,42.0,74.0,0.568,25.0,43.0,0.581,17.0,31.0,0.548,10.0,20.0,0.5,19.0,26.0,45.0,26.0,14.0,3.0,3.0,15.0,111.0,0.665,0.682,0.419,0.27,52.8,72.2,62.5,61.9,20.9,10.0,3.5,100.0,165.7,71.6,winner,Jacksonville State,165
200.0,17.0,53.0,0.321,11.0,30.0,0.367,6.0,23.0,0.261,8.0,12.0,0.667,10.0,17.0,27.0,9.0,2.0,3.0,18.0,16.0,48.0,0.409,0.377,0.434,0.226,27.8,47.2,37.5,52.9,3.0,7.0,23.5,100.0,71.6,165.7,loser,Shorter,165
200.0,30.0,66.0,0.455,18.0,39.0,0.462,12.0,27.0,0.444,21.0,29.0,0.724,12.0,25.0,37.0,25.0,9.0,2.0,14.0,20.0,93.0,0.583,0.545,0.409,0.439,31.6,78.1,52.9,83.3,11.1,5.6,14.9,100.0,114.8,72.8,winner,Kansas State,166
200.0,20.0,51.0,0.392,16.0,36.0,0.444,4.0,15.0,0.267,15.0,22.0,0.682,7.0,26.0,33.0,9.0,5.0,2.0,25.0,22.0,59.0,0.48,0.431,0.294,0.431,21.9,68.4,47.1,45.0,6.2,5.1,28.9,100.0,72.8,114.8,loser,Texas-Rio Grande Valley,166
200.0,29.0,62.0,0.468,20.0,32.0,0.625,9.0,30.0,0.3,11.0,15.0,0.733,9.0,23.0,32.0,18.0,11.0,0.0,14.0,15.0,78.0,0.564,0.54,0.484,0.242,34.6,74.2,56.1,62.1,14.9,0.0,16.8,100.0,105.4,82.4,winner,Louisiana Tech,167
200.0,23.0,55.0,0.418,17.0,35.0,0.486,6.0,20.0,0.3,9.0,10.0,0.9,8.0,17.0,25.0,13.0,5.0,3.0,22.0,17.0,61.0,0.51,0.473,0.364,0.182,25.8,65.4,43.9,56.5,6.8,9.4,26.9,100.0,82.4,105.4,loser,Mississippi College,167
200.0,22.0,51.0,0.431,14.0,33.0,0.424,8.0,18.0,0.444,9.0,23.0,0.391,13.0,26.0,39.0,16.0,4.0,5.0,16.0,10.0,61.0,0.493,0.51,0.353,0.451,38.2,70.3,54.9,72.7,6.0,14.3,20.5,100.0,91.0,89.6,winner,Minnesota,168
200.0,24.0,69.0,0.348,16.0,35.0,0.457,8.0,34.0,0.235,4.0,4.0,1.0,11.0,21.0,32.0,11.0,8.0,4.0,10.0,18.0,60.0,0.423,0.406,0.493,0.058,29.7,61.8,45.1,45.8,11.9,12.1,12.4,100.0,89.6,91.0,loser,Western Michigan,168
200.0,22.0,59.0,0.373,13.0,34.0,0.382,9.0,25.0,0.36,20.0,28.0,0.714,18.0,21.0,39.0,11.0,8.0,5.0,16.0,16.0,73.0,0.505,0.449,0.424,0.475,48.6,75.0,60.0,50.0,11.3,11.9,18.1,100.0,102.8,81.7,winner,Ole Miss,169
200.0,21.0,57.0,0.368,14.0,42.0,0.333,7.0,15.0,0.467,9.0,11.0,0.818,7.0,19.0,26.0,12.0,11.0,5.0,16.0,25.0,58.0,0.466,0.43,0.263,0.193,25.0,51.4,40.0,57.1,15.5,14.7,20.5,100.0,81.7,102.8,loser,Alcorn State,169
200.0,29.0,60.0,0.483,22.0,41.0,0.537,7.0,19.0,0.368,24.0,36.0,0.667,11.0,23.0,34.0,17.0,9.0,3.0,12.0,20.0,89.0,0.577,0.542,0.317,0.6,28.9,63.9,45.9,58.6,11.4,8.8,13.5,100.0,112.7,102.5,winner,New Mexico,170
200.0,31.0,66.0,0.47,20.0,34.0,0.588,11.0,32.0,0.344,8.0,13.0,0.615,13.0,27.0,40.0,14.0,4.0,2.0,20.0,30.0,81.0,0.561,0.553,0.485,0.197,36.1,71.1,54.1,45.2,5.1,4.9,21.7,100.0,102.5,112.7,loser,Southern Utah,170
200.0,39.0,74.0,0.527,26.0,38.0,0.684,13.0,36.0,0.361,10.0,16.0,0.625,13.0,34.0,47.0,23.0,11.0,3.0,14.0,17.0,101.0,0.619,0.615,0.486,0.216,40.6,87.2,66.2,59.0,13.4,7.9,14.6,100.0,123.2,63.4,winner,New Mexico State,171
200.0,20.0,68.0,0.294,14.0,38.0,0.368,6.0,30.0,0.2,6.0,11.0,0.545,5.0,19.0,24.0,15.0,7.0,0.0,14.0,17.0,52.0,0.355,0.338,0.441,0.162,12.8,59.4,33.8,75.0,8.5,0.0,16.1,100.0,63.4,123.2,loser,New Mexico Highlands,171
200.0,26.0,60.0,0.433,20.0,35.0,0.571,6.0,25.0,0.24,19.0,27.0,0.704,10.0,26.0,36.0,13.0,8.0,7.0,17.0,22.0,77.0,0.529,0.483,0.417,0.45,29.4,74.3,52.2,50.0,10.1,16.7,18.9,100.0,97.5,83.5,winner,Oklahoma State,172
200.0,21.0,59.0,0.356,17.0,42.0,0.405,4.0,17.0,0.235,20.0,25.0,0.8,9.0,24.0,33.0,7.0,11.0,1.0,16.0,21.0,66.0,0.466,0.39,0.288,0.424,25.7,70.6,47.8,33.3,13.9,2.9,18.4,100.0,83.5,97.5,loser,UT Arlington,172
200.0,24.0,64.0,0.375,16.0,37.0,0.432,8.0,27.0,0.296,18.0,25.0,0.72,14.0,29.0,43.0,13.0,7.0,3.0,11.0,23.0,74.0,0.488,0.438,0.422,0.391,34.1,82.9,56.6,54.2,9.6,9.1,12.7,100.0,101.4,83.6,winner,Florida Gulf Coast,173
200.0,21.0,52.0,0.404,18.0,33.0,0.545,3.0,19.0,0.158,16.0,24.0,0.667,6.0,27.0,33.0,15.0,9.0,8.0,15.0,21.0,61.0,0.481,0.433,0.365,0.462,17.1,65.9,43.4,71.4,12.3,21.6,19.1,100.0,83.6,101.4,loser,USC,173
200.0,37.0,70.0,0.529,32.0,58.0,0.552,5.0,12.0,0.417,14.0,21.0,0.667,16.0,31.0,47.0,25.0,19.0,6.0,22.0,19.0,93.0,0.581,0.564,0.171,0.3,53.3,93.9,74.6,67.6,22.1,24.0,21.6,100.0,108.1,46.5,winner,Stephen F. Austin,174
200.0,12.0,52.0,0.231,4.0,25.0,0.16,8.0,27.0,0.296,8.0,12.0,0.667,2.0,14.0,16.0,8.0,7.0,5.0,31.0,18.0,40.0,0.347,0.308,0.519,0.231,6.1,46.7,25.4,66.7,8.1,8.6,34.9,100.0,46.5,108.1,loser,LeTourneau,174
202.0,30.0,60.0,0.5,19.0,33.0,0.576,11.0,27.0,0.407,14.0,22.0,0.636,12.0,22.0,34.0,11.0,5.0,7.0,15.0,16.0,85.0,0.603,0.592,0.45,0.367,40.0,81.5,59.6,36.7,6.8,20.6,17.6,100.0,116.4,102.7,winner,Tennessee State,175
200.0,28.0,58.0,0.483,19.0,34.0,0.559,9.0,24.0,0.375,10.0,11.0,0.909,5.0,18.0,23.0,17.0,7.0,3.0,14.0,15.0,75.0,0.593,0.56,0.414,0.19,18.5,60.0,40.4,60.7,9.6,9.1,18.1,100.0,102.7,116.4,loser,Fisk,175
200.0,29.0,64.0,0.453,21.0,45.0,0.467,8.0,19.0,0.421,9.0,16.0,0.563,10.0,36.0,46.0,17.0,1.0,5.0,9.0,16.0,75.0,0.524,0.516,0.297,0.25,27.8,87.8,59.7,58.6,1.4,11.9,11.2,100.0,102.7,79.5,winner,Utah State,176
200.0,20.0,61.0,0.328,17.0,42.0,0.405,3.0,19.0,0.158,15.0,20.0,0.75,5.0,26.0,31.0,8.0,6.0,3.0,9.0,18.0,58.0,0.411,0.352,0.311,0.328,12.2,72.2,40.3,40.0,8.2,6.7,11.3,100.0,79.5,102.7,loser,Utah Valley,176
200.0,33.0,60.0,0.55,19.0,32.0,0.594,14.0,28.0,0.5,15.0,20.0,0.75,11.0,28.0,39.0,18.0,5.0,4.0,10.0,10.0,95.0,0.683,0.667,0.467,0.333,39.3,82.4,62.9,54.5,7.1,8.7,12.6,100.0,135.7,81.4,winner,Virginia Tech,177
200.0,24.0,62.0,0.387,20.0,46.0,0.435,4.0,16.0,0.25,5.0,7.0,0.714,6.0,17.0,23.0,9.0,5.0,2.0,12.0,18.0,57.0,0.436,0.419,0.258,0.113,17.6,60.7,37.1,37.5,7.1,6.3,15.5,100.0,81.4,135.7,loser,Delaware State,177
200.0,37.0,73.0,0.507,23.0,36.0,0.639,14.0,37.0,0.378,14.0,21.0,0.667,7.0,28.0,35.0,21.0,11.0,5.0,9.0,18.0,102.0,0.615,0.603,0.507,0.288,19.4,80.0,49.3,56.8,13.1,13.5,9.8,100.0,121.4,82.1,winner,Wyoming,178
200.0,24.0,62.0,0.387,16.0,37.0,0.432,8.0,25.0,0.32,13.0,17.0,0.765,7.0,29.0,36.0,9.0,5.0,4.0,20.0,23.0,69.0,0.492,0.452,0.403,0.274,20.0,80.6,50.7,37.5,6.0,11.1,22.2,100.0,82.1,121.4,loser,Colorado Christian,178
200.0,36.0,70.0,0.514,29.0,47.0,0.617,7.0,23.0,0.304,15.0,25.0,0.6,17.0,35.0,52.0,21.0,12.0,3.0,21.0,26.0,94.0,0.574,0.564,0.329,0.357,53.1,77.8,67.5,58.3,13.8,9.4,20.4,100.0,108.0,67.8,winner,Cal Poly,179
200.0,18.0,67.0,0.269,11.0,32.0,0.344,7.0,35.0,0.2,16.0,24.0,0.667,10.0,15.0,25.0,11.0,9.0,4.0,19.0,20.0,59.0,0.376,0.321,0.522,0.358,22.2,46.9,32.5,61.1,10.3,8.5,19.5,100.0,67.8,108.0,loser,Bethesda University (CA),179
200.0,26.0,63.0,0.413,18.0,44.0,0.409,8.0,19.0,0.421,8.0,12.0,0.667,15.0,20.0,35.0,15.0,7.0,5.0,12.0,11.0,68.0,0.495,0.476,0.302,0.19,42.9,71.4,55.6,57.7,10.6,14.3,14.9,100.0,103.0,53.0,winner,Cal State Bakersfield,180
200.0,13.0,49.0,0.265,11.0,35.0,0.314,2.0,14.0,0.143,7.0,11.0,0.636,8.0,20.0,28.0,3.0,6.0,4.0,20.0,16.0,35.0,0.323,0.286,0.286,0.224,28.6,57.1,44.4,23.1,9.1,9.1,26.9,100.0,53.0,103.0,loser,San Diego Christian,180
200.0,36.0,70.0,0.514,26.0,46.0,0.565,10.0,24.0,0.417,8.0,10.0,0.8,9.0,31.0,40.0,23.0,5.0,3.0,5.0,18.0,90.0,0.602,0.586,0.343,0.143,33.3,81.6,61.5,63.9,7.1,8.8,6.3,100.0,128.6,78.6,winner,Cal State Northridge,181
200.0,14.0,52.0,0.269,9.0,34.0,0.265,5.0,18.0,0.278,22.0,26.0,0.846,7.0,18.0,25.0,5.0,4.0,0.0,12.0,11.0,55.0,0.427,0.317,0.346,0.5,18.4,66.7,38.5,35.7,5.7,0.0,15.7,100.0,78.6,128.6,loser,La Sierra,181
200.0,32.0,63.0,0.508,28.0,53.0,0.528,4.0,10.0,0.4,11.0,15.0,0.733,11.0,30.0,41.0,17.0,8.0,3.0,10.0,18.0,79.0,0.563,0.54,0.159,0.238,33.3,71.4,54.7,53.1,11.4,11.1,12.5,100.0,112.9,91.4,winner,Long Beach State,182
200.0,20.0,62.0,0.323,12.0,27.0,0.444,8.0,35.0,0.229,16.0,21.0,0.762,12.0,22.0,34.0,13.0,4.0,2.0,11.0,16.0,64.0,0.445,0.387,0.565,0.339,28.6,66.7,45.3,65.0,5.7,3.8,13.3,100.0,91.4,112.9,loser,California Baptist,182
200.0,39.0,72.0,0.542,31.0,56.0,0.554,8.0,16.0,0.5,10.0,18.0,0.556,11.0,35.0,46.0,26.0,16.0,10.0,13.0,19.0,96.0,0.596,0.597,0.222,0.25,33.3,89.7,63.9,66.7,19.8,27.0,13.9,100.0,118.5,61.7,winner,UC-Irvine,183
200.0,16.0,54.0,0.296,12.0,37.0,0.324,4.0,17.0,0.235,14.0,17.0,0.824,4.0,22.0,26.0,8.0,6.0,3.0,22.0,15.0,50.0,0.403,0.333,0.315,0.315,10.3,66.7,36.1,50.0,7.4,5.4,26.2,100.0,61.7,118.5,loser,Chapman,183
200.0,30.0,65.0,0.462,16.0,31.0,0.516,14.0,34.0,0.412,11.0,18.0,0.611,12.0,21.0,33.0,24.0,6.0,4.0,7.0,18.0,85.0,0.578,0.569,0.523,0.277,40.0,80.8,58.9,80.0,9.0,12.1,8.7,100.0,126.9,106.0,winner,Seattle,184
200.0,25.0,53.0,0.472,20.0,33.0,0.606,5.0,20.0,0.25,16.0,21.0,0.762,5.0,18.0,23.0,17.0,5.0,2.0,8.0,16.0,71.0,0.564,0.519,0.377,0.396,19.2,60.0,41.1,68.0,7.5,6.5,11.3,100.0,106.0,126.9,loser,UC-San Diego,184
200.0,27.0,53.0,0.509,18.0,30.0,0.6,9.0,23.0,0.391,12.0,24.0,0.5,7.0,33.0,40.0,20.0,6.0,3.0,17.0,17.0,75.0,0.582,0.594,0.434,0.453,25.0,82.5,58.8,74.1,7.9,7.0,20.9,100.0,98.7,77.6,winner,UCSB,185
200.0,21.0,60.0,0.35,16.0,43.0,0.372,5.0,17.0,0.294,12.0,17.0,0.706,7.0,21.0,28.0,8.0,9.0,3.0,16.0,23.0,59.0,0.433,0.392,0.283,0.283,17.5,75.0,41.2,38.1,11.8,10.0,19.0,100.0,77.6,98.7,loser,San Francisco State,185
200.0,23.0,52.0,0.442,18.0,31.0,0.581,5.0,21.0,0.238,18.0,26.0,0.692,7.0,21.0,28.0,11.0,8.0,3.0,13.0,14.0,69.0,0.536,0.49,0.404,0.5,23.3,84.0,50.9,47.8,11.4,11.1,16.8,100.0,98.6,80.0,winner,Fresno State,186
200.0,21.0,45.0,0.467,13.0,27.0,0.481,8.0,18.0,0.444,6.0,11.0,0.545,4.0,23.0,27.0,10.0,7.0,2.0,24.0,23.0,56.0,0.557,0.556,0.4,0.244,16.0,76.7,49.1,47.6,10.0,6.5,32.3,100.0,80.0,98.6,loser,Fresno Pacific,186
200.0,38.0,76.0,0.5,25.0,40.0,0.625,13.0,36.0,0.361,10.0,14.0,0.714,20.0,39.0,59.0,28.0,7.0,2.0,13.0,17.0,99.0,0.599,0.586,0.474,0.184,52.6,92.9,73.8,73.7,9.2,8.3,13.6,100.0,130.3,64.5,winner,Loyola Marymount,187
200.0,17.0,57.0,0.298,10.0,24.0,0.417,7.0,33.0,0.212,8.0,17.0,0.471,3.0,18.0,21.0,11.0,5.0,0.0,14.0,16.0,49.0,0.376,0.36,0.579,0.298,7.1,47.4,26.3,64.7,6.6,0.0,17.7,100.0,64.5,130.3,loser,Life Pacific,187
200.0,29.0,58.0,0.5,23.0,38.0,0.605,6.0,20.0,0.3,20.0,26.0,0.769,9.0,24.0,33.0,21.0,10.0,9.0,12.0,21.0,84.0,0.597,0.552,0.345,0.448,30.0,66.7,50.0,72.4,13.5,25.0,14.6,100.0,113.5,95.9,winner,Nevada,188
200.0,22.0,58.0,0.379,14.0,36.0,0.389,8.0,22.0,0.364,19.0,25.0,0.76,12.0,21.0,33.0,12.0,7.0,0.0,16.0,23.0,71.0,0.508,0.448,0.379,0.431,33.3,70.0,50.0,54.5,9.5,0.0,18.6,100.0,95.9,113.5,loser,Utah Tech,188
200.0,15.0,48.0,0.313,11.0,22.0,0.5,4.0,26.0,0.154,32.0,38.0,0.842,7.0,22.0,29.0,10.0,13.0,3.0,16.0,14.0,66.0,0.5,0.354,0.542,0.792,21.9,73.3,46.8,66.7,17.1,12.0,19.5,100.0,86.8,73.7,winner,UNLV,189
200.0,19.0,53.0,0.358,11.0,25.0,0.44,8.0,28.0,0.286,10.0,14.0,0.714,8.0,25.0,33.0,14.0,12.0,1.0,26.0,25.0,56.0,0.469,0.434,0.528,0.264,26.7,78.1,53.2,73.7,15.8,4.5,30.4,100.0,73.7,86.8,loser,Southern,189
200.0,44.0,70.0,0.629,29.0,40.0,0.725,15.0,30.0,0.5,3.0,4.0,0.75,3.0,33.0,36.0,25.0,8.0,4.0,12.0,20.0,106.0,0.737,0.736,0.429,0.057,13.0,80.5,56.3,56.8,10.0,12.9,14.3,100.0,132.5,83.8,winner,Pepperdine,190
200.0,24.0,63.0,0.381,14.0,31.0,0.452,10.0,32.0,0.313,9.0,22.0,0.409,8.0,20.0,28.0,17.0,7.0,2.0,14.0,12.0,67.0,0.456,0.46,0.508,0.349,19.5,87.0,43.8,70.8,8.8,5.0,16.0,100.0,83.8,132.5,loser,Rice,190
200.0,30.0,62.0,0.484,19.0,32.0,0.594,11.0,30.0,0.367,18.0,24.0,0.75,8.0,30.0,38.0,20.0,7.0,7.0,9.0,17.0,89.0,0.606,0.573,0.484,0.387,25.8,71.4,52.1,66.7,9.1,16.7,10.9,100.0,115.6,80.5,winner,Portland,191
200.0,18.0,67.0,0.269,9.0,42.0,0.214,9.0,25.0,0.36,17.0,22.0,0.773,12.0,23.0,35.0,15.0,5.0,2.0,15.0,22.0,62.0,0.4,0.336,0.373,0.328,28.6,74.2,47.9,83.3,6.5,6.3,16.2,100.0,80.5,115.6,loser,Lewis & Clark,191
200.0,25.0,62.0,0.403,17.0,37.0,0.459,8.0,25.0,0.32,20.0,28.0,0.714,8.0,31.0,39.0,9.0,8.0,3.0,4.0,15.0,78.0,0.518,0.468,0.403,0.452,24.2,86.1,56.5,36.0,11.1,10.7,5.0,100.0,108.3,97.2,winner,Saint Mary's,192
200.0,23.0,58.0,0.397,11.0,28.0,0.393,12.0,30.0,0.4,12.0,17.0,0.706,5.0,25.0,30.0,11.0,2.0,6.0,11.0,22.0,70.0,0.53,0.5,0.517,0.293,13.9,75.8,43.5,47.8,2.8,16.2,14.3,100.0,97.2,108.3,loser,Oral Roberts,192
200.0,29.0,60.0,0.483,19.0,37.0,0.514,10.0,23.0,0.435,13.0,19.0,0.684,14.0,22.0,36.0,18.0,9.0,5.0,12.0,8.0,81.0,0.587,0.567,0.383,0.317,41.2,84.6,60.0,62.1,13.4,14.7,14.8,100.0,120.9,88.1,winner,San Diego,193
200.0,24.0,51.0,0.471,15.0,34.0,0.441,9.0,17.0,0.529,2.0,4.0,0.5,4.0,20.0,24.0,12.0,4.0,4.0,19.0,20.0,59.0,0.558,0.559,0.333,0.078,15.4,58.8,40.0,50.0,6.0,10.8,26.4,100.0,88.1,120.9,loser,Sonoma State,193
200.0,31.0,51.0,0.608,20.0,28.0,0.714,11.0,23.0,0.478,17.0,26.0,0.654,7.0,39.0,46.0,13.0,5.0,1.0,23.0,27.0,90.0,0.71,0.716,0.451,0.51,35.0,88.6,71.9,41.9,6.0,1.9,26.6,100.0,108.4,92.8,winner,San Francisco,194
200.0,26.0,67.0,0.388,20.0,52.0,0.385,6.0,15.0,0.4,19.0,32.0,0.594,5.0,13.0,18.0,4.0,8.0,0.0,10.0,18.0,77.0,0.468,0.433,0.224,0.478,11.4,65.0,28.1,15.4,9.6,0.0,10.8,100.0,92.8,108.4,loser,Texas Southern,194
200.0,28.0,75.0,0.373,19.0,47.0,0.404,9.0,28.0,0.321,19.0,24.0,0.792,15.0,33.0,48.0,15.0,8.0,5.0,9.0,19.0,84.0,0.486,0.433,0.373,0.32,32.6,84.6,56.5,53.6,9.9,11.6,9.4,100.0,103.7,88.9,winner,Santa Clara,195
200.0,27.0,64.0,0.422,22.0,43.0,0.512,5.0,21.0,0.238,13.0,20.0,0.65,6.0,31.0,37.0,17.0,5.0,4.0,15.0,22.0,72.0,0.49,0.461,0.328,0.313,15.4,67.4,43.5,63.0,6.2,8.5,16.9,100.0,88.9,103.7,loser,Eastern Washington,195
200.0,27.0,56.0,0.482,21.0,42.0,0.5,6.0,14.0,0.429,15.0,23.0,0.652,9.0,27.0,36.0,14.0,9.0,3.0,12.0,16.0,75.0,0.56,0.536,0.25,0.411,32.1,69.2,53.7,51.9,12.7,7.1,15.2,100.0,105.6,91.5,winner,UC-Davis,196
200.0,24.0,63.0,0.381,18.0,42.0,0.429,6.0,21.0,0.286,11.0,15.0,0.733,12.0,19.0,31.0,9.0,7.0,7.0,14.0,20.0,65.0,0.463,0.429,0.333,0.238,30.8,67.9,46.3,37.5,9.9,16.7,16.6,100.0,91.5,105.6,loser,California,196
200.0,24.0,51.0,0.471,18.0,32.0,0.563,6.0,19.0,0.316,15.0,23.0,0.652,10.0,25.0,35.0,6.0,6.0,7.0,15.0,19.0,69.0,0.557,0.529,0.373,0.451,35.7,83.3,60.3,25.0,9.1,31.8,19.5,100.0,104.5,78.8,winner,Washington,197
200.0,16.0,45.0,0.356,12.0,22.0,0.545,4.0,23.0,0.174,16.0,19.0,0.842,5.0,18.0,23.0,8.0,3.0,0.0,17.0,21.0,52.0,0.481,0.4,0.511,0.422,16.7,64.3,39.7,50.0,4.5,0.0,23.9,100.0,78.8,104.5,loser,Weber State,197
200.0,25.0,50.0,0.5,19.0,34.0,0.559,6.0,16.0,0.375,17.0,21.0,0.81,9.0,26.0,35.0,10.0,3.0,10.0,18.0,20.0,73.0,0.609,0.56,0.32,0.42,37.5,65.0,54.7,40.0,4.3,23.8,23.1,100.0,104.3,100.0,winner,Oregon State,198
200.0,24.0,66.0,0.364,15.0,42.0,0.357,9.0,24.0,0.375,13.0,18.0,0.722,14.0,15.0,29.0,9.0,9.0,0.0,11.0,17.0,70.0,0.469,0.432,0.364,0.273,35.0,62.5,45.3,37.5,12.9,0.0,12.9,100.0,100.0,104.3,loser,Tulsa,198
200.0,18.0,50.0,0.36,14.0,31.0,0.452,4.0,19.0,0.211,26.0,43.0,0.605,13.0,23.0,36.0,10.0,10.0,8.0,8.0,15.0,66.0,0.469,0.4,0.38,0.86,34.2,76.7,52.9,55.6,14.9,18.2,10.2,100.0,98.5,97.0,winner,Providence,199
200.0,24.0,58.0,0.414,15.0,44.0,0.341,9.0,14.0,0.643,8.0,10.0,0.8,7.0,25.0,32.0,14.0,5.0,2.0,13.0,29.0,65.0,0.518,0.491,0.241,0.172,23.3,65.8,47.1,58.3,7.5,6.5,17.2,100.0,97.0,98.5,loser,Rider,199
200.0,28.0,58.0,0.483,15.0,22.0,0.682,13.0,36.0,0.361,24.0,34.0,0.706,14.0,27.0,41.0,16.0,5.0,4.0,5.0,17.0,93.0,0.627,0.595,0.621,0.586,42.4,79.4,61.2,57.1,7.5,10.5,6.3,100.0,138.8,97.0,winner,Detroit Mercy,200
200.0,24.0,55.0,0.436,19.0,38.0,0.5,5.0,17.0,0.294,12.0,17.0,0.706,7.0,19.0,26.0,6.0,1.0,0.0,13.0,25.0,65.0,0.515,0.482,0.309,0.309,20.6,57.6,38.8,25.0,1.5,0.0,17.1,100.0,97.0,138.8,loser,Rochester,200
200.0,38.0,59.0,0.644,28.0,35.0,0.8,10.0,24.0,0.417,5.0,8.0,0.625,8.0,28.0,36.0,17.0,10.0,4.0,13.0,22.0,91.0,0.725,0.729,0.407,0.136,36.4,82.4,64.3,44.7,14.5,12.5,17.2,100.0,131.9,91.3,winner,Duquesne,201
200.0,20.0,52.0,0.385,14.0,32.0,0.438,6.0,20.0,0.3,17.0,22.0,0.773,6.0,14.0,20.0,10.0,7.0,0.0,13.0,16.0,63.0,0.504,0.442,0.385,0.423,17.6,63.6,35.7,50.0,10.1,0.0,17.2,100.0,91.3,131.9,loser,Montana,201
200.0,27.0,58.0,0.466,17.0,29.0,0.586,10.0,29.0,0.345,13.0,21.0,0.619,9.0,19.0,28.0,14.0,5.0,2.0,13.0,18.0,77.0,0.566,0.552,0.5,0.362,37.5,63.3,51.9,51.9,7.2,4.8,16.1,100.0,111.6,108.7,winner,East Carolina,202
200.0,28.0,56.0,0.5,22.0,42.0,0.524,6.0,14.0,0.429,13.0,23.0,0.565,11.0,15.0,26.0,18.0,7.0,3.0,11.0,19.0,75.0,0.56,0.554,0.25,0.411,36.7,62.5,48.1,64.3,10.1,10.3,14.1,100.0,108.7,111.6,loser,Mercer,202
199.0,30.0,69.0,0.435,20.0,37.0,0.541,10.0,32.0,0.313,7.0,11.0,0.636,10.0,26.0,36.0,21.0,8.0,4.0,10.0,13.0,77.0,0.519,0.507,0.464,0.159,29.4,81.3,54.5,70.0,10.7,9.8,11.9,100.0,102.7,93.3,winner,Sacred Heart,203
200.0,26.0,61.0,0.426,21.0,41.0,0.512,5.0,20.0,0.25,13.0,14.0,0.929,6.0,24.0,30.0,13.0,5.0,4.0,14.0,12.0,70.0,0.517,0.467,0.328,0.23,18.8,70.6,45.5,50.0,6.7,10.8,17.1,100.0,93.3,102.7,loser,Hartford,203
